Wavelength,Sum

200.06	,-49
200.11	,-11
200.17	,-11
200.22	,19
200.27	,-25
200.33	,41
200.38	,-15
200.43	,6
200.49,	-14
200.54	,13
200.6	,17
200.65,	34
200.7,	42
200.76,	73
200.81,	7
200.87,	60
200.92,	14
200.97,	-59
201.03,	21
201.08,	27
201.13,	-27
201.19,	59
201.24,	41
201.3,	14
201.35,	-62
201.4	,52
201.46	,44
201.51	,76
201.56	,36
201.62	,9
201.67	,29
201.73	,44
201.78	,41
201.83	,72
201.89	,33
201.94	,56
201.99	,-33
202.05	,38
202.1	,65
202.16	,50
202.21	,-21
202.26	,-27
202.32	,-14
202.37	,74
202.42	,48
202.48	,27
202.53	,51
202.58	,65
202.64	,-36
202.69	,22
202.75	,34
202.8	,53
202.85	,3
202.91	,48
202.96	,-22
203.01	,5
203.07	,-41
203.12	,45
203.18	,49
203.23	,7
203.28	,35
203.34	,33
203.39	,3
203.44	,28
203.5	,18
203.55	,49
203.6	,7
203.66	,-7
203.71	,27
203.77	,1
203.82	,-31
203.87	,53
203.93	,25
203.98	,-39
204.03	,-17
204.09	,-2
204.14	,49
204.19	,74
204.25	,25
204.3	,51
204.36	,26
204.41	,-32
204.46	,60
204.52	,72
204.57	,14
204.62	,51
204.68	,49
204.73	,46
204.78	,33
204.84	,19
204.89	,28
204.95	,-10
205	,6
205.05,	62
205.11,	18
205.16,	44
205.21,	52
205.27,	79
205.32	,-2
205.37,	61
205.43	,21
205.48	,38
205.53	,6
205.59	,93
205.64	,33
205.7	,50
205.75	,52
205.8	,11
205.86	,-57
205.91	,4
205.96	,120
206.02	,14
206.07	,84
206.12	,15
206.18	,55
206.23	,94
206.28	,46
206.34	,-18
206.39	,88
206.44	,45
206.5	,48
206.55	,37
206.61	,52
206.66	,96
206.71	,45
206.77	,80
206.82	,69
206.87	,16
206.93	,55
206.98	,94
207.03	,67
207.09	,76
207.14	,57
207.19	,89
207.25	,110
207.3	,71
207.35	,71
207.41	,134
207.46	,159
207.51	,61
207.57	,56
207.62	,71
207.68	,76
207.73	,109
207.78	,67
207.84	,16
207.89	,90
207.94	,84
208	,79
208.05	,161
208.1	,141
208.16	,135
208.21	,209
208.26	,163
208.32	,213
208.37	,206
208.42	,140
208.48	,234
208.53	,136
208.58	,160
208.64	,190
208.69	,166
208.74	,228
208.8	,136
208.85	,183
208.9	,209
208.96	,98
209.01	,176
209.06	,265
209.12	,275
209.17	,193
209.22	,215
209.28	,291
209.33	,168
209.38	,250
209.44	,182
209.49	,172
209.54	,299
209.6	,317
209.65	,239
209.7	,320
209.76	,252
209.81	,266
209.87	,334
209.92	,302
209.97	,442
210.03	,343
210.08	,321
210.13	,412
210.19	,235
210.24	,470
210.29	,353
210.35	,375
210.4	,362
210.45	,418
210.51	,377
210.56	,451
210.61	,473
210.67	,482
210.72	,421
210.77	,489
210.83	,483
210.88	,477
210.93	,465
210.99	,527
211.04	,466
211.09	,480
211.14	,580
211.2	,479
211.25	,579
211.3	,472
211.36	,644
211.41	,569
211.46	,673
211.52	,590
211.57	,664
211.62	,545
211.68	,662
211.73	,695
211.78	,639
211.84	,633
211.89	,566
211.94	,802
212	,729
212.05	,718
212.1	,772
212.16	,674
212.21	,751
212.26	,671
212.32	,907
212.37	,747
212.42	,851
212.48	,846
212.53	,675
212.58	,764
212.64	,845
212.69	,752
212.74	,889
212.8	,834
212.85	,900
212.9	,721
212.96	,942
213.01	,741
213.06	,1085
213.12	,867
213.17	,964
213.22	,778
213.27	,978
213.33	,765
213.38	,865
213.43	,865
213.49	,1013
213.54	,870
213.59	,936
213.65	,899
213.7	,832
213.75	,877
213.81	,895
213.86	,965
213.91	,1017
213.97	,857
214.02	,1004
214.07	,850
214.13	,872
214.18	,655
214.23	,968
214.29	,1195
214.34	,913
214.39	,873
214.44	,1125
214.5	,771
214.55	,919
214.6	,869
214.66	,884
214.71	,881
214.76	,1009
214.82	,1128
214.87	,974
214.92	,1175
214.98	,1124
215.03	,1203
215.08	,1104
215.14	,1088
215.19	,1093
215.24	,1237
215.29	,1209
215.35	,973
215.4	,1178
215.45	,1065
215.51	,1502
215.56	,911
215.61	,906
215.67	,1004
215.72	,1038
215.77	,1002
215.83	,1103
215.88	,956
215.93	,1244
215.98	,918
216.04	,1015
216.09	,1072
216.14	,1024
216.2	,823
216.25	,1103
216.3	,1154
216.36	,1314
216.41	,1103
216.46	,1093
216.51	,910
216.57	,1143
216.62	,1058
216.67	,955
216.73	,1163
216.78	,819
216.83	,1124
216.89	,1109
216.94	,978
216.99	,1135
217.05	,1112
217.1	,1158
217.15	,955
217.2	,1031
217.26	,1114
217.31	,1210
217.36	,970
217.42	,1107
217.47	,1004
217.52	,1417
217.58	,1298
217.63	,1287
217.68	,1234
217.73	,1424
217.79	,989
217.84	,1257
217.89	,1042
217.95	,1145
218	101,7
218.05	,1182
218.1	,1115
218.16	,891
218.21	,1379
218.26	,1000
218.32	,1202
218.37	,827
218.42	,1046
218.48	,1157
218.53	,851
218.58	,1373
218.63	,968
218.69	,1167
218.74	,1183
218.79	,1211
218.85	,1213
218.9	,1310
218.95	,1404
219	109,9
219.06	,1256
219.11	,1328
219.16	,1194
219.22	,1196
219.27	,1116
219.32	,1206
219.37	,987
219.43	,971
219.48	,1067
219.53	,1376
219.59	,1176
219.64	,1339
219.69	,1178
219.75	,1211
219.8	,1215
219.85	,932
219.9	,1032
219.96	,1427
220.01	,1272
220.06	,1201
220.12	,1049
220.17	,1274
220.22	,1260
220.27	,1212
220.33	,1343
220.38	,1428
220.43	,1622
220.49	,1312
220.54	,1593
220.59	,1171
220.64	,1123
220.7	,1259
220.75	,1329
220.8	,1256
220.86	,1224
220.91	,1391
220.96	,1346
221.01	,1202
221.07	,1245
221.12	,1596
221.17	,1210
221.22	,1173
221.28	,1312
221.33	,1270
221.38	,1363
221.44	,1361
221.49	,1031
221.54	,1080
221.59	,1040
221.65	,1227
221.7	,1087
221.75	,1085
221.81	,901
221.86	,1238
221.91	,1060
221.96	,1235
222.02	,925
222.07	,1026
222.12	,1256
222.17	,1346
222.23	,1192
222.28	,1258
222.33	,1442
222.39	,1364
222.44	,1090
222.49	,1432
222.54	,1292
222.6	,1185
222.65	,1123
222.7	,1071
222.75	,1247
222.81	,1244
222.86	,1409
222.91	,1237
222.97	,872
223.02	,1277
223.07	,1339
223.12	,994
223.18	,1005
223.23	,1042
223.28	,1141
223.33	,1347
223.39	,1032
223.44	,1062
223.49	,1086
223.55	,1204
223.6	,1058
223.65	,1302
223.7	,1102
223.76	,1131
223.81	,1049
223.86	,1283
223.91	,1052
223.97	,1151
224.02	,1108
224.07	,1030
224.12	,1198
224.18	,1304
224.23	,1316
224.28	,1526
224.34	,1146
224.39	,1165
224.44	,1365
224.49	,1242
224.55	,1000
224.6	,1171
224.65	,1219
224.7	,1204
224.76	,1074
224.81	,1344
224.86	,1172
224.91	,1341
224.97	,893
225.02	,1145
225.07	,1333
225.12	,1114
225.18	,1585
225.23	,1070
225.28	,1259
225.34	,1392
225.39	,1020
225.44	,1064
225.49	,1208
225.55	,1021
225.6	,1445
225.65	,1028
225.7	,1259
225.76	,1250
225.81	,1139
225.86	,1184
225.91	,1211
225.97	,1019
226.02	,1210
226.07	,1335
226.12	,1139
226.18	,1537
226.23	,1174
226.28	,1379
226.33	,1154
226.39	,1335
226.44	,1955
226.49	,1445
226.54	,1076
226.6	,1503
226.65	,1190
226.7	,1233
226.75	,1395
226.81	,1512
226.86	,1256
226.91	,1467
226.96	,1585
227.02	,1659
227.07	,1723
227.12	,1484
227.17	,1212
227.23	1256
227.28,	994
227.33,	1107
227.38,	975
227.44	,1332
227.49	,1317
227.54	,1225
227.59	,1166
227.65	,1223
227.7	,973
227.75	,1304
227.8	,1205
227.86	,1137
227.91	,970
227.96	,902
228.01	,1107
228.07	,1208
228.12	1295
228.17,	1251
228.22,	1042
228.28,	1441
228.33,	1097
228.38,	1139
228.43,	1088
228.49,	1063
228.54,	1097
228.59,	1394
228.64,	1116
228.7	,1202
228.75	,1096
228.8	,1462
228.85	,1094
228.91	,1270
228.96	956
229.01,	1112
229.06,	1032
229.11,	1459
229.17,	1092
229.22,	1178
229.27,	999
229.32,	1036
229.38,	1176
229.43,	1294
229.48,	1032
229.53,	1325
229.59,	1243
229.64,	1086
229.69,	1324
229.74,	1258
229.8	,1105
229.85	,1059
229.9	,1224
229.95	,1182
230.01	,966
230.06	,1550
230.11	,1088
230.16	,1166
230.21	,1144
230.27	,1491
230.32	,1062
230.37	,1146
230.42	,1258
230.48	,972
230.53	,1248
230.58	,849
230.63	,1390
230.69	,1337
230.74	,1315
230.79	,1182
230.84	,1011
230.89	,1401
230.95	,1113
231,	1063
231.05	,1116
231.1	,1355
231.16	,1243
231.21	,1294
231.26	,1348
231.31	,1332
231.37	,1388
231.42	,1511
231.47	,1478
231.52	,1494
231.57	,1271
231.63	,1218
231.68	,1628
231.73	,1763
231.78	,1008
231.84	,1237
231.89	,1140
231.94	,1656
231.99	,1164
232.05	,1694
232.1	,925
232.15	,940
232.2	,1195
232.25	,1270
232.31	,1446
232.36	,1306
232.41	,1125
232.46	,1239
232.52	,1492
232.57	,1571
232.62	,1256
232.67	,1234
232.72	,1202
232.78	,1264
232.83	,1068
232.88	,1240
232.93	,1256
232.98	,1561
233.04	,1221
233.09	,1128
233.14	,1039
233.19	,1382
233.25	,1267
233.3	,1060
233.35	,1071
233.4	,1247
233.45	,1124
233.51	,1233
233.56	,1021
233.61	,1125
233.66	,1156
233.72	,982
233.77	,1353
233.82	,1206
233.87	,1535
233.92	,1292
233.98	,1088
234.03	,1338
234.08	,1182
234.13	,1257
234.18	,1159
234.24	,1208
234.29	,996
234.34	,1023
234.39	,1145
234.45	,1387
234.5	,1135
234.55	,1516
234.6	,1210
234.65	,1294
234.71	,1144
234.76	,1109
234.81	,1479
234.86	,1355
234.91	,1226
234.97	,1258
235.02	,1047
235.07	,1433
235.12	,1120
235.17	,1005
235.23	,1268
235.28	,1181
235.33	,1219
235.38	,1618
235.44	,1147
235.49	,1512
235.54	,1171
235.59	,1211
235.64	,998
235.7	,1005
235.75	,931
235.8	,1333
235.85	,1046
235.9	,1263
235.96	,1327
236.01	,1435
236.06	,1565
236.11	,1213
236.16	,1354
236.22	,1187
236.27	,1164
236.32	,1582
236.37	,1139
236.42	,1525
236.48	,1300
236.53	,1478
236.58	,1432
236.63	,1519
236.68	,1687
236.74	,1720
236.79	,2028
236.84	,1966
236.89	,1878
236.94	,2023
237	,1901
237.05	,1644
237.1	,1768
237.15	,1601
237.2	,1764
237.26	,1666
237.31	,2311
237.36	,2270
237.41	,2571
237.46	,2716
237.52	,2114
237.57	,1857
237.62	,1452
237.67	,1529
237.72	,1495
237.78	,1363
237.83	,1283
237.88	,1648
237.93	,1141
237.98	,1725
238.03	,1204
238.09	,1243
238.14	,1325
238.19	,1426
238.24	,1333
238.29	,1200
238.35	,1830
238.4	,1174
238.45	,1364
238.5	,1210
238.55	,995
238.61	,1375
238.66	,1302
238.71	,1198
238.76	,1070
238.81	,1339
238.87	,1280
238.92	,1367
238.97	,1272
239.02	,1199
239.07	,1036
239.12	,1562
239.18	,978
239.23	,1338
239.28	,1262
239.33	,1318
239.38	,1044
239.44	,1121
239.49	,1182
239.54	,1363
239.59	,1698
239.64	,1388
239.7	,1239
239.75	,1199
239.8	,1526
239.85	,1137
239.9	,1063
239.95	,1229
240.01	,1136
240.06	,1257
240.11	,973
240.16	,1035
240.21	,1001
240.27	,1018
240.32	,1263
240.37	,1038
240.42	,1194
240.47	,1084
240.52	,1336
240.58	,1111
240.63	,1334
240.68	,1227
240.73	,1261
240.78	,1050
240.83	,1270
240.89	,1209
240.94	,952
240.99	,1094
241.04	,1322
241.09	,971
241.15	,919
241.2	,1122
241.25	,1118
241.3	,1235
241.35	,1098
241.4	,1175
241.46	,958
241.51	,1419
241.56	,1410
241.61	,1211
241.66	,1632
241.71	,1125
241.77	,1028
241.82	,1319
241.87	,1416
241.92	,984
241.97	,923
242.02	,1144
242.08	,1044
242.13	,1348
242.18	,1221
242.23	,1123
242.28	,1195
242.34	,1008
242.39	,1051
242.44	,1200
242.49	,1162
242.54	,1273
242.59	,1091
242.65	,1197
242.7	,1087
242.75	,1137
242.8	,1237
242.85	,1175
242.9	,1089
242.96	,1067
243.01	,1243
243.06	,1280
243.11	,1334
243.16	,1172
243.21	,1438
243.27	,1075
243.32	,1063
243.37	,1199
243.42	,1333
243.47	,941
243.52	,1154
243.57	,1147
243.63	,992
243.68	,1258
243.73	,1117
243.78	,1175
243.83	,1084
243.88	,1154
243.94	,1114
243.99	,1208
244.04	,1114
244.09	,1282
244.14	,1222
244.19	,1133
244.25	,1267
244.3	,1271
244.35	,1120
244.4	,1181
244.45	,1301
244.5	,1197
244.56	,1468
244.61	,1234
244.66	,1455
244.71	,1218
244.76	,1399
244.81	,1112
244.86	,1252
244.92	,1195
244.97	,1108
245.02	,1443
245.07	,1087
245.12	,1092
245.17	,1422
245.23	,1148
245.28	,1168
245.33	,1171
245.38	,1187
245.43	,977
245.48	,1291
245.53	,1262
245.59	,1288
245.64	,1417
245.69	,943
245.74	,1235
245.79	,1080
245.84	,1322
245.9	,1231
245.95	,1367
246	,1304
246.05	,1392
246.1	,1146
246.15	,1083
246.2	,1382
246.26	,1304
246.31	,1483
246.36	,1199
246.41	,1402
246.46	,1333
246.51	,993
246.56	,1417
246.62	,1382
246.67	,1413
246.72	,1099
246.77	,1166
246.82	,1259
246.87	,1351
246.92	,1335
246.98	,1273
247.03	,1050
247.08	,1015
247.13	,1328
247.18	,1043
247.23	,1151
247.28	,1047
247.34	,1072
247.39	,1218
247.44	,1174
247.49	,1097
247.54	,1128
247.59	,1022
247.64	,1176
247.7	,935
247.75	,1389
247.8	,968
247.85	,1220
247.9	,1324
247.95	,1184
248	,1264
248.06	,951
248.11	,1054
248.16	,1595
248.21	,1000
248.26	,1043
248.31	,1465
248.36	,1142
248.41	,1591
248.47	,1113
248.52	,1377
248.57	,1207
248.62	,1241
248.67	,1420
248.72	,1092
248.77	,1051
248.83	,1159
248.88	,1117
248.93	,1384
248.98	,1373
249.03	,1249
249.08	,1402
249.13	,1068
249.18	,1473
249.24	,1310
249.29	,1405
249.34	,1239
249.39	,1095
249.44	,1126
249.49	,1008
249.54	,1176
249.6	,1194
249.65	,1103
249.7	,1290
249.75	,984
249.8	,1007
249.85	,1199
249.9	,1376
249.95	,1219
250.01	,955
250.06	,1167
250.11	,1000
250.16	,1064
250.21	,1080
250.26	,905
250.31	,970
250.36	,1312
250.42	,1299
250.47	,1190
250.52	,1119
250.57	,1295
250.62	,901
250.67	,1423
250.72	,1130
250.77	,1063
250.83	,1008
250.88	,1138
250.93	,1034
250.98	,1093
251.03	,906
251.08	,1176
251.13	,1398
251.18	,1179
251.23	,1009
251.29	,1079
251.34	,1165
251.39	,1221
251.44	,1112
251.49	,1324
251.54	,1256
251.59	,1432
251.64	,1289
251.7	,1128
251.75	,1313
251.8	,1344
251.85	,1127
251.9	,1378
251.95	,1189
252	,1376
252.05	,1011
252.1	,1297
252.16	,1122
252.21	,1178
252.26	,1029
252.31	,1313
252.36	,1247
252.41	,1353
252.46	,1252
252.51	,1196
252.56	,901
252.62	,1281
252.67	,947
252.72	,1316
252.77	,1223
252.82	,1424
252.87	,1219
252.92	,1337
252.97	,1333
253.02	,1235
253.08	,1455
253.13	,1215
253.18	,1023
253.23	,1108
253.28	,996
253.33	,1041
253.38	,1142
253.43	,1271
253.48	,943
253.54	,1400
253.59	,1283
253.64	,1435
253.69	,1134
253.74	,1061
253.79	,1173
253.84	,1105
253.89	,1324
253.94	,1243
254	,1065
254.05	,1210
254.1	,1035
254.15	,980
254.2	,1024
254.25	,1050
254.3	,1066
254.35	,983
254.4	,1061
254.45	,1222
254.51	,1284
254.56	,1235
254.61	,1240
254.66	,1458
254.71	,1290
254.76	,1208
254.81	,948
254.86	,1222
254.91	,1148
254.96	,1431
255.02	,1303
255.07	,1254
255.12	,1298
255.17	,1130
255.22	,1206
255.27	,1225
255.32	,928
255.37	,1213
255.42	,1096
255.47	,1247
255.52	,1093
255.58	,892
255.63	,1249
255.68	,1162
255.73	,1284
255.78	,1142
255.83	,1083
255.88	,1132
255.93	,1128
255.98	,1296
256.03	,1034
256.08	,1163
256.14	,979
256.19	,1502
256.24	,1287
256.29	,1109
256.34	,1230
256.39	,1051
256.44	,1136
256.49	,1423
256.54	,1175
256.59	,1471
256.64	,1386
256.7	,1380
256.75	,1168
256.8	,1367
256.85	,1662
256.9	,1607
256.95	,2007
257	,1496
257.05	,1232
257.1	,1859
257.15	,1428
257.2	,1079
257.26	,1345
257.31	,1416
257.36	,1322
257.41	,1026
257.46	,1642
257.51	,1868
257.56	,1899
257.61	,2037
257.66	,1802
257.71	,1987
257.76	,1855
257.81	,1739
257.87	,1441
257.92	,1449
257.97	,1356
258.02	,1283
258.07	,1430
258.12	,1894
258.17	,1441
258.22	,1324
258.27	,1218
258.32	,1151
258.37	,1040
258.42	,1412
258.47	,935
258.53	,1167
258.58	,1164
258.63	,1650
258.68	,1207
258.73	,1055
258.78	,1228
258.83	,1208
258.88	,1296
258.93	,1297
258.98	,1060
259.03	,1294
259.08	,1233
259.13	,1558
259.19	,1157
259.24	,1386
259.29	,1040
259.34	,1490
259.39	,1318
259.44	,1230
259.49	,1206
259.54	,1438
259.59	,1134
259.64	,1271
259.69	,1490
259.74	,1401
259.79	,1402
259.84	,1499
259.9	,1592
259.95	,1311
260	,1681
260.05	,1453
260.1	,1598
260.15	,1494
260.2	,1170
260.25	,1330
260.3	,1377
260.35	,999
260.4	,1148
260.45	,1279
260.5	,1298
260.55	,1418
260.6	,1342
260.66	,1344
260.71	,1306
260.76	,1361
260.81	,1190
260.86	,1635
260.91	,1403
260.96	,1457
261.01	,1043
261.06	,1133
261.11	,1300
261.16	,1273
261.21	,1403
261.26	,1583
261.31	,1413
261.36	,1100
261.41	,1373
261.46	,1229
261.52	,1440
261.57	,1118
261.62	,1251
261.67	,1334
261.72	,1603
261.77	,1246
261.82	,1578
261.87	,1199
261.92	,1244
261.97	,1093
262.02	,1600
262.07	,1355
262.12	,1286
262.17	,1358
262.22	,1059
262.27	,1146
262.32	,1068
262.38	,1355
262.43	,1410
262.48	,1527
262.53	,1524
262.58	,1352
262.63	,1678
262.68	,1559
262.73	,1252
262.78	,1266
262.83	,1479
262.88	,1741
262.93	,1454
262.98	,1724
263.03	,1336
263.08	,2279
263.13	,1517
263.18	,1999
263.23	,1825
263.28	,1670
263.33	,1822
263.39	,2020
263.44	,1604
263.49	,1824
263.54	,1342
263.59	,1895
263.64	,1645
263.69	,1314
263.74	,1723
263.79	,1331
263.84	,1210
263.89	,1444
263.94	,1598
263.99	,1833
264.04	,1286
264.09	,1511
264.14	,1695
264.19	,1637
264.24	,1451
264.29	,1519
264.34	,1424
264.39	,1211
264.44	,1595
264.5	,1185
264.55	,1552
264.6	,1334
264.65	,1152
264.7	,1327
264.75	,1419
264.8	,1416
264.85	,1318
264.9	,1574
264.95	,1706
265	,1351
265.05	,1567
265.1	,1375
265.15	,1440
265.2	,1549
265.25	,1412
265.3	,1655
265.35	,1542
265.4	,1640
265.45	,1415
265.5	,1708
265.55	,1522
265.6	,1413
265.65	,1757
265.7	,1149
265.75	,1307
265.8	,1407
265.86	,1335
265.91	,1304
265.96	,1623
266.01	,1749
266.06	,1720
266.11	,1613
266.16	,1931
266.21	,1741
266.26	,1293
266.31	,1250
266.36	,1561
266.41	,1583
266.46	,1281
266.51	,1096
266.56	,1270
266.61	,1578
266.66	,1368
266.71	,1282
266.76	,1855
266.81	,1207
266.86	,1508
266.91	,1146
266.96	,1324
267.01	,1635
267.06	,1390
267.11	,1178
267.16	,1374
267.21	,1646
267.26	,1900
267.31	,1197
267.36	,1382
267.41	,1589
267.46	,1310
267.51	,1278
267.56	,1369
267.61	,1357
267.67	,1183
267.72	,1311
267.77	,1250
267.82	,1228
267.87	,1443
267.92	,963
267.97	,1092
268.02	,1769
268.07	,1381
268.12	,1363
268.17	,1534
268.22	,1578
268.27	,1235
268.32	,1260
268.37	,1528
268.42	,1271
268.47	,1294
268.52	,1493
268.57	,1257
268.62	,1552
268.67	,1470
268.72	,,2123
268.77	,1235
268.82	,1246
268.87	,1229
268.92	,1731
268.97	,1302
269.02	,1145
269.07	,1278
269.12	,1454
269.17	,1776
269.22	,1503
269.27	,1525
269.32	,1327
269.37	,1154
269.42	,1142
269.47	,1504
269.52	,1512
269.57	,1380
269.62	,1533
269.67	,1128
269.72	,1490
269.77	,1201
269.82	,1210
269.87	,1049
269.92	,1168
269.97	,1112
270.02	,1460
270.07	,1374
270.12	,1532
270.17	,1623
270.22	,1460
270.27	,1291
270.32	,1109
270.37	,1369
270.42	,1323
270.47	,1211
270.52	,1467
270.57	,1461
270.62	,1350
270.67	,1208
270.72	,1597
270.77	,1130
270.82	,1558
270.87	,1586
270.92	,1022
270.97	,1437
271.02	,1425
271.07	,1464
271.12	,1345
271.17	,1648
271.22	,1608
271.27	,1181
271.32	,1742
271.37	,1381
271.42	,1450
271.47	,1271
271.52	,1356
271.57	,1444
271.62	,1266
271.67	,1104
271.72	,1249
271.77	,1301
271.82	,1888
271.87	,1370
271.92	,1358
271.97	,1277
272.02	,1784
272.07	,1237
272.12	,1371
272.17	,1528
272.22	,1704
272.27	,1947
272.32	,1440
272.37	,1486
272.42	,1474
272.47	,1479
272.52	,1439
272.57	,1651
272.62	,1209
272.67	,1540
272.72	,1253
272.77	,1522
272.82	,1797
272.87	,1633
272.92	,1376
272.97	,1433
273.02	,1355
273.07	,1351
273.12	,1562
273.17	,1613
273.22	,1594
273.27	,1498
273.32	,1233
273.37	,1490
273.42	,1392
273.47	,1164
273.52	,1165
273.57	,1373
273.62	,1285
273.67	,1363
273.72	,1670
273.77	,1449
273.82	,1550
273.87	,1321
273.92	,1105
273.97	,1646
274.02	,1458
274.07	,1378
274.12	,1342
274.17	,1449
274.22	,1911
274.27	,1320
274.32	,1425
274.37	,1142
274.42	,1292
274.47	,1422
274.52	,1554
274.57	,1355
274.62	,1723
274.67	,1887
274.72	,1329
274.77	,1408
274.81	,1759
274.86	,1406
274.91	,1593
274.96	,1457
275.01	,1564
275.06	,1686
275.11	,1755
275.16	,1409
275.21	,1576
275.26	,1793
275.31	,1413
275.36	,1664
275.41	,1512
275.46	,1555
275.51	,1712
275.56	,1465
275.61	,1364
275.66	,1289
275.71	,1545
275.76	,1443
275.81	,1566
275.86	,1689
275.91	,1348
275.96	,1625
276.01	,1729
276.06	,1520
276.11	,1258
276.16	,1437
276.21	,1642
276.26	,1475
276.31	,1266
276.36	,1444
276.41	,1300
276.46	,1362
276.51	,1201
276.56	,1420
276.6	,1520
276.65	,1607
276.7	,1419
276.75	,1675
276.8	,1340
276.85	,1397
276.9	,1455
276.95	,1666
277,	1483
277.05	,1569
277.1	,,1596
277.15	,1734
277.2	,1519
277.25	,1606
277.3	,1158
277.35	,1567
277.4	,1791
277.45	,1232
277.5	,1347
277.55	,1374
277.6	,1605
277.65	,1406
277.7	,1774
277.75	,1460
277.8	,1319
277.85	,1457
277.89	,1611
277.94	,1292
277.99	,1384
278.04	,1196
278.09	,1210
278.14	,1596
278.19	,1466
278.24	,1859
278.29	,1810
278.34	,1344
278.39	,1468
278.44	,1390
278.49	,1233
278.54	,1620
278.59	,1264
278.64	,1407
278.69	,1521
278.74	,1603
278.79	,1644
278.84	,1807
278.89	,1609
278.94	,1541
278.98	,1403
279.03	,1581
279.08	,1397
279.13	,1821
279.18	,1458
279.23	,1350
279.28	,1694
279.33	,1911
279.38	,2082
279.43	,2036
279.48	,1679
279.53	,1638
279.58	,2525
279.63	,3286
279.68	,3046
279.73	,2628
279.78	,2025
279.83	,2005
279.88	,1811
279.92	,1908
279.97	,1626
280.02	,1663
280.07	,1792
280.12	,2118
280.17	,1920
280.22	,1752
280.27	,1959
280.32	,3001
280.37	,2707
280.42	,2463
280.47	,1976
280.52	,1400
280.57	,1516
280.62	,1786
280.67	1,645
280.72	,2327
280.77	,1620
280.81	,1871
280.86	,1943
280.91	,1777
280.96	,1519
281.01	,1703
281.06	,1839
281.11	,1574
281.16	,2240
281.21	,1554
281.26	,1691
281.31	,1674
281.36	,1393
281.41	,1667
281.46	,1903
281.51	,2278
281.55	,2701
281.6	,2449
281.65	,2211
281.7	,3136
281.75	,2833
281.8	,3197
281.85	,2822
281.9	,2644
281.95	,2744
282	,1891
282.05	,1624
282.1	,2090
282.15	,2082
282.2	,1867
282.25	,1931
282.29	,2247
282.34	,1769
282.39	,1904
282.44	,1507
282.49	,2150
282.54	,2133
282.59	,1749
282.64	,2026
282.69	,1840
282.74	,1589
282.79	,1559
282.84	,2240
282.89	,2484
282.94	,1742
282.98	,2187
283.03	,1773
283.08	,1791
283.13	,1692
283.18	,1760
283.23	,1893
283.28	,1249
283.33	,1509
283.38	,1559
283.43	,1862
283.48	,2265
283.53	,1680
283.58	,2009
283.62	,1505
283.67	,1548
283.72	,1520
283.77	,1671
283.82	,1388
283.87	,2079
283.92	,1848
283.97	,2147
284.02	,1413
284.07	,1929
284.12	,1665
284.17	,1491
284.21	,1671
284.26	,1567
284.31	,1818
284.36	,1595
284.41	,1913
284.46	,1968
284.51	,1431
284.56	,1330
284.61	,1447
284.66	,1949
284.71	,1660
284.76	,1630
284.8	,1593
284.85	,1520
284.9	,1456
284.95	,1345
285	,1735
285.05	,1401
285.1	,1870
285.15,1555
285.2	,1822
285.25	,2072
285.3	,2030
285.34	,2016
285.39	,1425
285.44	,1310
285.49	,1558
285.54	,1552
285.59	,1636
285.64	,1801
285.69	,1395
285.74	,1232
285.79	,1282
285.84	,1823
285.88	,1612
285.93	,1494
285.98	,2066
286.03	,1574
286.08	,1511
286.13	,1807
286.18	,2115
286.23	,1714
286.28	,1375
286.33	,2040
286.37	,1309
286.42	,1736
286.47	,1473
286.52	,1718
286.57	,1438
286.62	,2075
286.67	,1354
286.72	,1445
286.77	,1667
286.82	,1470
286.87	,1559
286.91	,1606
286.96	,1520
287.01	,1570
287.06	,1765
287.11	,1432
287.16	,1877
287.21	,1519
287.26	,1441
287.31	,1711
287.35	,1824
287.4	,1269
287.45	,1419
287.5	,1889
287.55	,1757
287.6	,1489
287.65	,1834
287.7	,1828
287.75	,1624
287.8	,1717
287.84	,1312
287.89	,1702
287.94	,1770
287.99	,1647
288.04	,1578
288.09	,1959
288.14	,2223
288.19	,1938
288.24	,1643
288.28	,1608
288.33	,1661
288.38	,2288
288.43	,2187
288.48	,1934
288.53	,2136
288.58	,1691
288.63	,2020
288.68	,1840
288.72	,1499
288.77	,1643
288.82	,1485
288.87	,1589
288.92	,1488
288.97	,1732
289.02	,1675
289.07	,1565
289.12	,2200
289.16	,1751
289.21	,2092
289.26	,1926
289.31	,2224
289.36	,1677
289.41	,1975
289.46	,1605
289.51	,1455
289.55	,1825
289.6	,1856
289.65	,2202
289.7	,1730
289.75	,1398
289.8	,1824
289.85	,1841
289.9	,1781
289.95	,1860
289.99	,1675
290.04	,1731
290.09	,1550
290.14	,1815
290.19	,2000
290.24	,1538
290.29	,1621
290.34	,1740
290.38	,1987
290.43	,1651
290.48	,1685
290.53	,1511
290.58	,1362
290.63	,1660
290.68	,1297
290.73	,1695
290.77	,1651
290.82	,1572
290.87	,1402
290.92	,1533
290.97	,1591
291.02	,1586
291.07	,1566
291.11	,1328
291.16	,2046
291.21	,1910
291.26	,1403
291.31	,1646
291.36	,1994
291.41	,1546
291.46	,1365
291.5	,1804
291.55	,1809
291.6	,1790
291.65	,1761
291.7	,1319
291.75	,1742
291.8	,1823
291.85	,1603
291.89	,2035
291.94	,1865
291.99	,1600
292.04	,1583
292.09	,1550
292.14	,1679
292.19	,1581
292.23	,1588
292.28	,1842
292.33	,1663
292.38	,1674
292.43	,1872
292.48	,1683
292.53	,1299
292.57	,1524
292.62	,1379
292.67	,1973
292.72	,1585
292.77	,1524
292.82	,2216
292.87	,1924
292.91	,1816
292.96	,1499
293.01	,2154
293.06	,1869
293.11	,1792
293.16	,1565
293.21	,1347
293.25	,1720
293.3	,1498
293.35	,1659
293.4	,1438
293.45	,1408
293.5	,1650
293.55	,1834
293.59	,2033
293.64	,1802
293.69	,2148
293.74	,1576
293.79	,2105
293.84	,1837
293.89	,1869
293.93	,2055
293.98	,1540
294.03	,1809
294.08	,2130
294.13	,1679
294.18	,1655
294.23	,1777
294.27	,1538
294.32	,1370
294.37	,1623
294.42	,2026
294.47	,1638
294.52	,1268
294.56	,1481
294.61	,2370
294.66	,1353
294.71	,1162
294.76	,1886
294.81	,1543
294.86	,1499
294.9	,1603
294.95	,1337
295	,1784
295.05,1597
295.1,1782
295.15	,2101
295.19	,1529
295.24	,1714
295.29	,1929
295.34	,1617
295.39	,1743
295.44	,1538
295.49	,2190
295.53	,1628
295.58	,1849
295.63	,1559
295.68	,1166
295.73	,1661
295.78	,1741
295.82	,2000
295.87	,1652
295.92	,1517
295.97	,1883
296.02	,2134
296.07	,1385
296.11	,1794
296.16	,2057
296.21	,1981
296.26	,2082
296.31	,1500
296.36	,1490
296.4	,2036
296.45	,1387
296.5	,1607
296.55	,1753
296.6	,1615
296.65	,1745
296.69	,1857
296.74	,2064
296.79	,1228
296.84	,2096
296.89	,1746
296.94	,1383
296.98	,2004
297.03	,1813
297.08	,2298
297.13	,1570
297.18	,1645
297.23	,1897
297.27	,1372
297.32	,1662
297.37	,2021
297.42	,1997
297.47	,1974
297.52	,1865
297.56	,1593
297.61	,1747
297.66	,1612
297.71	,1956
297.76	,1804
297.8	,1489
297.85	,1985
297.9	,1591
297.95	,1618
298	,1513
298.05	,1852
298.09	,1869
298.14	,1665
298.19	,2028
298.24	,1696
298.29,1781
298.34,1494
298.38,1477
298.43,1732
298.48,1659
298.53,1452
298.58,1750
298.62,1456
298.67,1619
298.72,1789
298.77	,1979
298.82	,1747
298.87	,1699
298.91	,1609
298.96	,1917
299.01	,1671
299.06	,1518
299.11	,1863
299.15	,1617
299.2	,1932
299.25	,1666
299.3	,1817
299.35	,1726
299.4	,1582
299.44	,1399
299.49	,2009
299.54	,1547
299.59	,1661
299.64	,2116
299.68	,1459
299.73	,1361
299.78	,2123
299.83	,1917
299.88	,1424
299.92	,1616
299.97	,1826
300.02	,1888
300.07	,2068
300.12	,1753
300.16	,1558
300.21	,1668
300.26	,1718
300.31	,2099
300.36	,1884
300.41	,2140
300.45	,1736
300.5	,1452
300.55	,2131
300.6	,1595
300.65	,1538
300.69	,2011
300.74	,1852
300.79	,1450
300.84	,1763
300.89	,1496
300.93	,1261
300.98	,1901
301.03	,1759
301.08	,1594
301.13	,1720
301.17	,2021
301.22	,1798
301.27	,1810
301.32	,2019
301.37	,1827
301.41	,1548
301.46	,1908
301.51	,1475
301.56	,1514
301.61	,1395
301.65	,1613
301.7	,1918
301.75	,1742
301.8	,1455
301.85	,1670
301.89	,1972
301.94	,1706
301.99	,1747
302.04	,2028
302.09	,1887
302.13	,1769
302.18	,2061
302.23	,1652
302.28	,1424
302.32	,2024
302.37	,1726
302.42	,1747
302.47	,1470
302.52	,1697
302.56	,2308
302.61	,2360
302.66	,1931
302.71	,1536
302.76	,1632
302.8	,1583
302.85	,1846
302.9	,1682
302.95	,2086
303	,1471
303.04	,1481
303.09	,2134
303.14	,1513
303.19	,1544
303.23	,1845
303.28	,2037
303.33	,1453
303.38	,1511
303.43	,1526
303.47	,1677
303.52	,1382
303.57	,1541
303.62	,1811
303.67	,1736
303.71	,2166
303.76	,1714
303.81	,1364
303.86	,1970
303.9	,1782
303.95	,2312
304	,1693
304.05	,1731
304.1	,1871
304.14	,2074
304.19	,2446
304.24	,2031
304.29	,1951
304.33	,1710
304.38	,1345
304.43	,2112
304.48	,1675
304.53	,1454
304.57	,2013
304.62	,1845
304.67	,1666
304.72	,2260
304.76	,1447
304.81	,1655
304.86	,1584
304.91	,1918
304.96	,1724
305	,1722
305.05	,1851
305.1	,2063
305.15	,2923
305.19	,1681
305.24	,1493
305.29	,1986
305.34	,1729
305.39	,2094
305.43	,1946
305.48	,2009
305.53	,1777
305.58	,1801
305.62	,1625
305.67	,2196
305.72	,2220
305.77	,2339
305.81	,2462
305.86	,2151
305.91	,1936
305.96	,2283
306.01	,2095
306.05	,3252
306.1	,1577
306.15	,1665
306.2	,2073
306.24	,2788
306.29	,1710
306.34	,2267
306.39	,2516
306.43	,2481
306.48	,2028
306.53	,2414
306.58	,1647
306.62	,2069
306.67	,2180
306.72	,2219
306.77	,2429
306.81	,2148
306.86	,1802
306.91	,2101
306.96	,2387
307.01	,1931
307.05	,2324
307.1	,2042
307.15	,2154
307.2	,2016
307.24	,1949
307.29	,1967
307.34	,1835
307.39	,2064
307.43	,1936
307.48	,1593
307.53	,2091
307.58	,1836
307.62	,2518
307.67	,1895
307.72	,1802
307.77	,2274
307.81	,1732
307.86	,1590
307.91	,2401
307.96	,2214
308	,2519
308.05	,2511
308.1	,2049
308.15	,2955
308.19	,4201
308.24	,8166
308.29,8799
308.34	,8727
308.38	,5859
308.43	,4139
308.48	,2799
308.53	,3036
308.57	,2527
308.62	,2478
308.67	,2723
308.72	,1922
308.76	,2250
308.81	,2262
308.86	,2279
308.91	,2026
308.95	,2431
309	255,6
309.05	,2673
309.1	,2004
309.14	,1795
309.19	,2598
309.24	,4958
309.29	,9777
309.33	,17652
309.38	,20956
309.43	,16077
309.48	,6706
309.52	,3788
309.57	,3069
309.62	,3256
309.66	,3271
309.71	,2567
309.76	,2803
309.81	,2520
309.85	,1743
309.9	,2501
309.95	,2266
310	,2273
310.04	,2165
310.09	,2027
310.14	,2057
310.19	,2023
310.23	,1865
310.28	,1814
310.33	,2224
310.38	,,2426
310.42	,1988
310.47	,1956
310.52	,2092
310.56	,2368
310.61	,1914
310.66	,2202
310.71	,1553
310.75	,2010
310.8	,2381
310.85	,1791
310.9	,1974
310.94	,1998
310.99	,1856
311.04	,2066
311.09	,1978
311.13	,1765
311.18	,1790
311.23	,1958
311.27	,1884
311.32	,2095
311.37	,2461
311.42	,2103
311.46	,1580
311.51	,2080
311.56	,1636
311.61	,1700
311.65	,1764
311.7	,1714
311.75	,1675
311.79	,1780
311.84	,1669
311.89	,1798
311.94	,1718
311.98	,1859
312.03	,2089
312.08	,2116
312.12	,1846
312.17	,1705
312.22	,1614
312.27	,1656
312.31	,2079
312.36	,2093
312.41	,1801
312.46	,1547
312.5	,1713
312.55	,1685
312.6	1869
312.64	,1932
312.69	,1690
312.74	,2330
312.79	,2165
312.83	,1644
312.88	,1493
312.93	,1841
312.97	,1756
313.02	,1350
313.07	,2073
313.12	,2198
313.16	,2155
313.21	,1484
313.26	,1380
313.3	,1790
313.35	,1636
313.4	,1587
313.45	,1907
313.49	,2168
313.54	,1834
313.59	,1616
313.63	,1808
313.68	,2017
313.73	,1425
313.78	,1811
313.82	,1467
313.87	,2030
313.92	,2049
313.96	,1612
314.01	,1666
314.06	,2303
314.1	,1794
314.15	,1862
314.2	,1851
314.25	,1761
314.29	,2052
314.34	,1565
314.39	,1882
314.43	,1819
314.48	,2151
314.53	,1552
314.58	,2011
314.62	,1919
314.67	,2010
314.72	,1507
314.76	,2071
314.81	,1739
314.86	,1572
314.9	,1659
314.95	,2232
315	,1843
315.05	,1494
315.09	,1746
315.14	,1900
315.19,1600
315.23,1506
315.28,1719
315.33,1896
315.37,1534
315.42,1709
315.47,1719
315.51,1916
315.56,1418
315.61,1590
315.66	,1680
315.7	,1740
315.75	,1840
315.8	,2046
315.84	,1521
315.89	,1825
315.94	,1376
315.98	,1565
316.03	,1555
316.08	,1567
316.13	,1458
316.17	,1825
316.22	,1954
316.27	,1782
316.31	,1551
316.36	,1614
316.41	,1528
316.45	,2028
316.5	,1591
316.55	,1708
316.59	,1995
316.64	,1959
316.69	,1492
316.73	,1728
316.78	,1786
316.83	,1732
316.88	,1641
316.92	,2195
316.97	,1646
317.02	,1874
317.06	,1838
317.11	,1669
317.16	,1855
317.2	,2124
317.25	,1913
317.3	,1830
317.34	,1622
317.39	,1718
317.44	,1654
317.48	,1941
317.53	,1941
317.58	,1898
317.62	,1331
317.67	,1618
317.72	,1780
317.76	,1533
317.81	,1593
317.86	,1894
317.91	,1545
317.95	,1647
318	,1370
318.05	,1885
318.09	,1893
318.14	,1693
318.19	,1541
318.23	,1500
318.28	,1676
318.33	,2191
318.37	,1634
318.42	,1797
318.47	,1628
318.51	,1345
318.56	,1715
318.61	,1506
318.65	,1394
318.7	,1397
318.75	,1666
318.79	,1816
318.84	,2095
318.89	,1928
318.93	,1792
318.98	,1836
319.03	,1768
319.07	,1822
319.12	,1614
319.17	,2149
319.21	,1632
319.26	,1827
319.31	,1321
319.35	,1604
319.4	,1986
319.45	,2011
319.49	,1983
319.54	,1813
319.59	,2054
319.63	,1428
319.68	,1679
319.73	,1644
319.77	,2152
319.82	,1920
319.87	,1722
319.91	,1512
319.96	,1896
320.01	,1425
320.05	,1576
320.1	,1888
320.15	,1614
320.19	,2007
320.24	,1558
320.29	,2011
320.33	,1436
320.38	,1786
320.43	,1689
320.47	,1208
320.52	,2071
320.57	,1617
320.61	,2021
320.66	,1749
320.71	,1686
320.75	,1904
320.8	,1820
320.85	,1473
320.89	,1954
320.94	,1518
320.98	,1596
321.03	,2437
321.08	,1560
321.12	,1386
321.17	,1767
321.22	,1761
321.26	,1786
321.31	,1551
321.36	,1879
321.4	,1950
321.45	,1738
321.5	,1818
321.54	,1405
321.59	,1630
321.64	,1661
321.68	,1664
321.73	,2135
321.78	,1615
321.82	,2001
321.87	,1793
321.91	,1794
321.96	,1552
322.01	,1709
322.05	,1609
322.1	,1238
322.15	,1436
322.19	,1418
322.24	,1911
322.29	,1600
322.33	,1550
322.38	,1546
322.43	,1606
322.47	,1669
322.52	,1179
322.57	,2043
322.61	,1430
322.66	,1583
322.7	,1603
322.75	,1569
322.8	,1704
322.84	,1809
322.89	,1796
322.94	,2009
322.98	,1819
323.03	,1912
323.08	,1757
323.12	,1982
323.17	,2095
323.21	,1731
323.26	,1939
323.31	,1324
323.35	,1918
323.4	,1337
323.45	,2060
323.49	,1675
323.54	,1999
323.59	,1773
323.63	,2341
323.68	,1880
323.72	,1862
323.77	,2223
323.82	,1901
323.86	,1934
323.91	,1819
323.96	,1737
324	,1880
324.05	,1676
324.09	,1714
324.14	,1641
324.19	,1141
324.23	,1882
324.28	,1679
324.33	,1663
324.37	,2103
324.42	,1802
324.47	,2114
324.51	,1777
324.56	,2036
324.6	,2329
324.65	,1864
324.7	,1239
324.74	,1621
324.79	,1850
324.84	,1743
324.88	,1928
324.93	,1666
324.97	,1876
325.02	,1848
325.07	,1775
325.11	,1797
325.16	,1517
325.21	,1519
325.25	,1624
325.3	,1540
325.34	,1622
325.39	,1703
325.44	,1769
325.48	,2031
325.53	,1658
325.57	,1472
325.62	,1663
325.67	,1619
325.71	,1855
325.76	,1338
325.81	,2406
325.85	,1618
325.9	,2049
325.94	,1726
325.99	,1767
326.04	,1658
326.08	,1857
326.13	,1531
326.17	,1669
326.22	,1630
326.27	,1713
326.31	,1687
326.36	,1893
326.41	,1525
326.45	,1629
326.5	,1683
326.54	,1817
326.59	,1671
326.64	,1720
326.68	,1687
326.73	,1959
326.77	,1683
326.82	,1469
326.87	,1799
326.91	,2039
326.96	,1738
327	,1653
327.05	,1901
327.1,1323
327.14	,1658
327.19	,2031
327.23	,1797
327.28,1262
327.33	,1456
327.37	,1471
327.42	,1534
327.47	,2166
327.51	,1648
327.56	,1728
327.6	,1772
327.65	,1419
327.7	,1788
327.74	,1588
327.79	,1589
327.83	,1646
327.88	,1942
327.93	,1460
327.97	,1921
328.02	,1710
328.06	,2536
328.11	,1489
328.16	,1821
328.2	,1790
328.25	,1928
328.29	,1632
328.34	,2217
328.38	,1578
328.43	,1694
328.48	,1562
328.52	,1733
328.57	,1642
328.61	,1428
328.66	,1599
328.71	,1622
328.75	,1984
328.8	,1932
328.84	,1590
328.89	,1532
328.94	,1425
328.98	,1401
329.03	,1944
329.07	,1678
329.12	,1536
329.17	,1657
329.21	,1546
329.26	,1687
329.3	,1801
329.35	,1693
329.4	,1430
329.44	,1936
329.49	,1943
329.53	,1913
329.58	,1464
329.62	,1472
329.67	,1418
329.72	,1378
329.76	,1644
329.81	,1461
329.85	,1796
329.9	,1658
329.95	,1985
329.99	,1897
330.04	,1688
330.08	,1633
330.13	,1757
330.17	,2091
330.22	,1400
330.27	,1689
330.31,1880
330.36	,2081
330.4	,1621
330.45	,1787
330.5	,1902
330.54	,1317
330.59	,1892
330.63	,1213
330.68	,1271
330.72	,1332
330.77	,1840
330.82	,1937
330.86	,1686
330.91	,1464
330.95	,2076
331	,1195
331.04	,1694
331.09	,1650
331.14	,1340
331.18	,1701
331.23	,1537
331.27	,1846
331.32	,2139
331.36	,1595
331.41	,1372
331.46	,1581
331.5	,1691
331.55	,1586
331.59	,1615
331.64	,1877
331.68	,1442
331.73	,1402
331.78	,1681
331.82	,1556
331.87	,1826
331.91	,1646
331.96	,1749
332	,2087
332.05,1430
332.1,1832
332.14	,1747
332.19	,1325
332.23	,1587
332.28	,1844
332.32	,2010
332.37	,2136
332.42	,1658
332.46	,2140
332.51	,1732
332.55	,1676
332.6	,1930
332.64	,2140
332.69	,2272
332.73	,1847
332.78	,1672
332.83	,2008
332.87	,1912
332.92	,1957
332.96	,1617
333.01	,2227
333.05	,1960
333.1,1707
333.14	,1920
333.19	,1977
333.24	,1723
333.28	,1805
333.33	,2255
333.37	,1737
333.42	,1802
333.46	,2036
333.51	,1792
333.55	,2060
333.6	,1874
333.65	,1882
333.69	,2100
333.74	,1407
333.78	,1916
333.83	,2210
333.87	,1819
333.92	,2203
333.96	,1645
334.01	,2061
334.06	,1525
334.1,1936
334.15	,2023
334.19	,2235
334.24	,1328
334.28	,1879
334.33	,1858
334.37	,1908
334.42	,2143
334.46	,2253
334.51	,2149
334.56	,1624
334.6	,2066
334.65	,1568
334.69	,2396
334.74	,1679
334.78	,1770
334.83	,1948
334.87	,1780
334.92	,2401
334.96	,1655
335.01	,2052
335.06	,2314
335.1	,1631
335.15	,2190
335.19	,1744
335.24	,1820
335.28	,1818
335.33	,1629
335.37	,2070
335.42	,1852
335.46	,1737
335.51	,2129
335.55	,1861
335.6	,2139
335.65	,2023
335.69	,1840
335.74	,1947
335.78	,1574
335.83	,1434
335.87	,1883
335.92	,1909
335.96	,2015
336.01	,2054
336.05	,2023
336.1	,1970
336.14	,1958
336.19	,1816
336.24	,1775
336.28	,2146
336.33	,1537
336.37	,1976
336.42	,2042
336.46	,1834
336.51	,1627
336.55	,1919
336.6	,1818
336.64	,1780
336.69	,1533
336.73	,1966
336.78	,1881
336.82	,2184
336.87	,1540
336.91	,2241
336.96	,2005
337	,1691
337.05	,1826
337.1,1575
337.14,1540
337.19,1817
337.23	,2081
337.28	,1762
337.32	,1857
337.37	,2369
337.41	,1816
337.46	,2121
337.5	,1607
337.55	,1723
337.59	,2416
337.64	,2261
337.68	,1714
337.73	,1658
337.77	,1661
337.82	,1511
337.86	,1394
337.91	,2538
337.95	,1957
338	,2085
338.04	,1699
338.09	,1872
338.14,1823
338.18,1661
338.23,1818
338.27,2128
338.32,1500
338.36,1630
338.41	,1726
338.45	,1690
338.5	,1830
338.54	,1561
338.59	,1725
338.63	,1684
338.68	,1697
338.72	,1788
338.77	,1788
338.81	,1727
338.86	,1648
338.9	,1557
338.95	,1686
338.99	,1517
339.04	,1617
339.08	,2047
339.13	,1926
339.17	,2004
339.22	,1898
339.26	,1861
339.31	,1941
339.35	,1562
339.4	,1578
339.44	,2400
339.49	,1732
339.53	,1681
339.58	,1455
339.62	,2000
339.67	,1904
339.71	,1811
339.76	,1684
339.8	,1492
339.85	,1160
339.89	,1463
339.94	,1381
339.98	,1439
340.03	,1728
340.07	,1891
340.12	,1327
340.16	,2099
340.21	,1553
340.25	,1737
340.3	,1929
340.34	,1526
340.39	,1923
340.43	,1395
340.48	,1934
340.52	,1993
340.57	,1767
340.61	,2190
340.66	,1369
340.7	,1762
340.75	,1508
340.79	,1638
340.84	,1531
340.88	,1557
340.93	,1585
340.97	,1557
341.02	,1883
341.06	,1488
341.11	,1388
341.15	,2161
341.2	,1898
341.24	,1568
341.29	,1642
341.33	,1577
341.38	,1438
341.42	,1528
341.47	,1428
341.51	,1924
341.56	,1340
341.6	,1578
341.65	,1156
341.69	,1679
341.74	,1342
341.78	,1601
341.83	,1665
341.87	,2051
341.92	,1459
341.96	,1844
342	,1890
342.05	,1407
342.09	,1865
342.14	,1624
342.18	,1790
342.23,1882
342.27,1663
342.32,1541
342.36,1610
342.41,1840
342.45	,1393
342.5	,1852
342.54	,1724
342.59	,1984
342.63	,1328
342.68	,1653
342.72	,1652
342.77	,1715
342.81	,1566
342.86	,1731
342.9	,1534
342.95	,2159
342.99	,1929
343.04	,1682
343.08	,1837
343.12	,1648
343.17	,1653
343.21	,1625
343.26	,1415
343.3	,1597
343.35	,1856
343.39	,2525
343.44	,2140
343.48	,1928
343.53	,2096
343.57	,1843
343.62	,2232
343.66	,2067
343.71	,1828
343.75	,2193
343.8	,1855
343.84	,1845
343.88	,1805
343.93	,2111
343.97	,1742
344.02	,1846
344.06	,1954
344.11	,1583
344.15	,2207
344.2	,1562
344.24	,1719
344.29	,1506
344.33	,1557
344.38	,1940
344.42	,1633
344.46	,2250
344.51	,1925
344.55	,2377
344.6	,1756
344.64	,2005
344.69	,1847
344.73	,1667
344.78	,1980
344.82	,1959
344.87	,1364
344.91	,2122
344.96	,1655
345	,1505
345.04	,1557
345.09	,2063
345.13	,1141
345.18	,1646
345.22	,1616
345.27	,2019
345.31	,2035
345.36	,1573
345.4	,1551
345.45	,2185
345.49	,1813
345.53	,2170
345.58	,1766
345.62	,1974
345.67	,1430
345.71	,1837
345.76	,1733
345.8	,1706
345.85	,1971
345.89	,1972
345.94	,1828
345.98	,1959
346.02	,1795
346.07	,1922
346.11	,1768
346.16	,1557
346.2	,1635
346.25	,1436
346.29	,1733
346.34	,1747
346.38	,1652
346.42	,1536
346.47	,1664
346.51	,1887
346.56	,1927
346.6	,1409
346.65	,1764
346.69	,1497
346.74	,1407
346.78	,2110
346.82	,1506
346.87	,1891
346.91	,1750
346.96	,1830
347	,1707
347.05	,1896
347.09	,1819
347.14,1472
347.18	,1537
347.22	,1814
347.27	,1716
347.31	,1670
347.36	,-26
347.53	,-9
347.7	,9
347.86	,-127
348.03	,-20.44444444
348.2	,-17.66666667
348.37	,-15.55555556
348.53	,-24.22222222
348.7	,-10.44444444
348.87	,-18
349.03	,-11.22222222
349.2	,-15.33333333
349.37	,-17.55555556
349.54	,-16.33333333
349.7	,-16.66666667
349.87	,-19.55555556
350.04	,-10.66666667
350.21	,-9.333333333
350.37	,-14.44444444
350.54	,-26.88888889
350.71	,-21.44444444
350.87	,-21.55555556
351.04	,-26.33333333
351.21	,-17.22222222
351.38	,-19.88888889
351.54	,-28.55555556
351.71	,-29.22222222
351.88	,-29.88888889
352.04	,-16.88888889
352.21	,-22.88888889
352.38	,-25.11111111
352.55	,-29.11111111
352.71	,-39.11111111
352.88	,-39.11111111
353.05	,-29.22222222
353.22	,-32.22222222
353.38	,-25.22222222
353.55	,-17.77777778
353.72	,-8.888888889
353.88	,-11.77777778
354.05	,7.888888889
354.22	,-1.555555556
354.39	,9.111111111
354.55	,6.666666667
354.72	,2.444444444
354.89	,-2.888888889
355.05	,-11.11111111
355.22	,-13.55555556
355.39	,-3.666666667
355.55	,-12.44444444
355.72	,1.777777778
355.89	,-1.888888889
356.06	,-5.777777778
356.22	,-0.888888889
356.39	,9.666666667
356.56	,13.55555556
356.72	,14.88888889
356.89	,30.22222222
357.06	,94
357.22	,170.5555556
357.39	,280.1111111
357.56	,375
357.73	,433.1111111
357.89	,444.6666667
358.06	,448.1111111
358.23	,446.3333333
358.39	,427.6666667
358.56	,367.7777778
358.73	,281
358.89	,168.6666667
359.06	,83.77777778
359.23	,21.11111111
359.4	,-0.333333333
359.56	,-6.444444444
359.73	,-5.444444444
359.9	,-4.666666667
360.06	,-12.55555556
360.23	,-8
360.4	,-3.222222222
360.56	,-14.33333333
360.73	,-9.444444444
360.9	,-13
361.06	,-13.33333333
361.23	,-20.77777778
361.4	,-21.33333333
361.56	,-22.33333333
361.73	,-21.88888889
361.9	,-28.33333333
362.07	,-24.66666667
362.23	,-31.22222222
362.4	,-28.11111111
362.57	,-32.11111111
362.73	,-26.11111111
362.9	,-27.66666667
363.07	,-24.22222222
363.23	,-28.88888889
363.4	,-25.55555556
363.57	,-24.77777778
363.73	,-21.11111111
363.9	,-20.33333333
364.07	,-16.66666667
364.23	,-13.11111111
364.4	,-15.55555556
364.57	,-22.44444444
364.73	,-10.88888889
364.9	,-8.666666667
365.07	,-10.66666667
365.23	,-6.111111111
365.4	,-1
365.57	,-3.888888889
365.73	,-8.888888889
365.9	,-8
366.07	,3.888888889
366.23	,-9.222222222
366.4	,-14.11111111
366.57	,-13.33333333
366.73	,-17.77777778
366.9	,-25.66666667
367.07	,-20.66666667
367.23	,-20.77777778
367.4	,-8.333333333
367.57	,-14.77777778
367.73	,-3.777777778
367.9	,8.666666667
368.07	,19.33333333
368.23	,25.77777778
368.4	,36.77777778
368.57	,33.77777778
368.73	,39
368.9	,28.77777778
369.07	,34.22222222
369.23	,31.66666667
369.4	,19.55555556
369.57	,5.888888889
369.73	,2.777777778
369.9	,-3.444444444
370.07	,-0.222222222
370.23	,-7.888888889
370.4	,-11.33333333
370.57	,-11.33333333
370.73	,-15.44444444
370.9	,-21
371.06	,-16.33333333
371.23	,-12.77777778
371.4	,-8.222222222
371.56	,-13.22222222
371.73	,-6.444444444
371.9	,2
372.06	,13.11111111
372.23	,16.88888889
372.4	,30.44444444
372.56	,27.55555556
372.73	,24.55555556
372.9	,21.55555556
373.06	,19.11111111
373.23	,17.66666667
373.4	,19.66666667
373.56	,6.333333333
373.73	,11.33333333
373.89	,13.77777778
374.06	,15.77777778
374.23	,19.11111111
374.39	,23.66666667
374.56	,27
374.73	,30.66666667
374.89	,22
375.06	,19.11111111
375.23	,9.555555556
375.39	,-0.888888889
375.56	,-5.555555556
375.72	,-13.33333333
375.89	,-14
376.06	,-16.77777778
376.22	,-21.77777778
376.39	,-19.55555556
376.56	,-19.11111111
376.72	,-14.77777778
376.89	,-17.77777778
377.05	,-5.555555556
377.22	,-3
377.39	,-1.333333333
377.55	,5.666666667
377.72	,11.11111111
377.89	,5.333333333
378.05	,13.11111111
378.22	,15
378.38	,17.66666667
378.55	,3.888888889
378.72	,2.888888889
378.88	,-6.222222222
379.05	,-3
379.22	,-7.777777778
379.38	,-5.444444444
379.55	,-10.22222222
379.71	,-7.111111111
379.88	,-9.333333333
380.05	,2.555555556
380.21	,9.666666667
380.38	,14.66666667
380.54	,11.33333333
380.71	,10.11111111
380.88	,21.11111111
381.04	,24.11111111
381.21	,18.11111111
381.38	,25.55555556
381.54	,13.77777778
381.71	,21.77777778
381.87	,18.11111111
382.04	,11.33333333
382.21	,12.55555556
382.37	,12
382.54	,10.11111111
382.7	,19
382.87	,9.777777778
383.04	,22.44444444
383.2	,7.666666667
383.37	,12.33333333
383.53	,15.66666667
383.7	,9.333333333
383.87	,3
384.03	,0.777777778
384.2	,-13.66666667
384.36	,-9.888888889
384.53	,-15.55555556
384.7	,-6.444444444
384.86	,-12
385.03	,-13.66666667
385.19	,-6.111111111
385.36	,-6.666666667
385.53	,-10.33333333
385.69	,-3.888888889
385.86	,-1.888888889
386.02	,0
386.19	,-10.33333333
386.36	,-8.111111111
386.52	,-4.444444444
386.69	,3.777777778
386.85	,13.33333333
387.02	,19.33333333
387.18	,11.66666667
387.35	,16.22222222
387.52	,9.333333333
387.68	,17.66666667
387.85	,15
388.01	,18.55555556
388.18	,6.777777778
388.35	,-7.555555556
388.51	,-6.111111111
388.68	,1.555555556
388.84	,-1.888888889
389.01	,9.666666667
389.17	,0.444444444
389.34	,8.333333333
389.51	,-1.222222222
389.67	,-0.444444444
389.84	,1.111111111
390	6.5,55555556
390.17	,16.66666667
390.34	,22.88888889
390.5	,18.55555556
390.67	,33.44444444
390.83	,30.11111111
391	,45.44444444
391.16,44.88888889
391.33	,54.77777778
391.5	,50.11111111
391.66	,50
391.83	,44.44444444
391.99	,50.66666667
392.16	,47.11111111
392.32	,58
392.49	,70.55555556
392.66	,174.3333333
392.82	,479.5555556
392.99	,979.4444444
393.15	,1594.666667
393.32	,2142.111111
393.48	,2503.222222
393.65	,2674.333333
393.81	,2752.444444
393.98	,2798.333333
394.15	,2770.222222
394.31	,2588.888889
394.48	,2367.222222
394.64	,2229.222222
394.81	,2486.777778
394.97	,3073.666667
395.14	,588.444444
395.3,3869
395.47	,3941
395.64	,3983.333333
395.8	,3923.777778
395.97	,3691.444444
396.13	,3235.444444
396.3	,2459.555556
396.46	,1526.444444
396.63	,856.5555556
396.79	,498.3333333
396.96	,372.2222222
397.13	,264.8888889
397.29	,211.5555556
397.46	,172.7777778
397.62	,159
397.79	,148.5555556
397.95	,173.2222222
398.12	,201.5555556
398.28	,268.4444444
398.45	,345
398.61	,403
398.78	,426.7777778
398.95	,447.4444444
399.11	,462
399.28	,468.3333333
399.44	,434.3333333
399.61	,401
399.77	,325.8888889
399.94	,245.2222222
400.1	,187.4444444
400.27	,154.5555556
400.43	,132.7777778
400.6	,111.6666667
400.76	,83.66666667
400.93	,82.88888889
401.1	,77.66666667
401.26	,88
401.43	,78.55555556
401.59	,82.11111111
401.76	,77.44444444
401.92	,78.88888889
402.09	,82
402.25	,92.44444444
402.42	,101.2222222
402.58	,105.4444444
402.75	,107.2222222
402.91	,127
403.08	,153.3333333
403.24	,197.3333333
403.41	,239.7777778
403.57	,274.3333333
403.74	,299.1111111
403.91	,292.5555556
404.07	,288.8888889
404.24	,285.2222222
404.4	,272.2222222
404.57	,242.8888889
404.73	,198
404.9	,159.5555556
405.06	,122.3333333
405.23	,100.1111111
405.39	,95.44444444
405.56	,102.8888889
405.72	,105
405.89	,129.5555556
406.05	,145.6666667
406.22	,181.5555556
406.38	,202.5555556
406.55	,232.3333333
406.71	,248.1111111
406.88	,269.7777778
407.04	,263.2222222
407.21	,269.7777778
407.37	,248.8888889
407.54	,235.7777778
407.7	,216.5555556
407.87	,196.6666667
408.03	,163
408.2	,149.6666667
408.36	,139.4444444
408.53	,146.5555556
408.69	,136.7777778
408.86,139.7777778
409.02,136.3333333
409.19	,130.8888889
409.35	,128.6666667
409.52	,132
409.68	,131.6666667
409.85	,127.3333333
410.01	,117.4444444
410.18	,119.2222222
410.34	,116.3333333
410.51	,125.5555556
410.67	118.4444444
410.84,118
411	,114.6666667
411.17	,116
411.33	,101.2222222
411.5	,101.6666667
411.66	,93.66666667
411.83	,94.33333333
411.99	,83.88888889
412.16	,87.44444444
412.32	,85.55555556
412.49	,86.88888889
412.65	,78.88888889
412.82	,86.66666667
412.98	,85.11111111
413.15	,95.77777778
413.31	,99.44444444
413.48	,103.4444444
413.64	,103.2222222
413.81	,109.2222222
413.97	,108.3333333
414.14	,112
414.3	,101.4444444
414.47	,106.2222222
414.63	,90.22222222
414.8	,81.66666667
414.96	,79
415.13	,69.77777778
415.29	,56.11111111
415.45	,56.11111111
415.62	,52.44444444
415.78	,62.55555556
415.95	,50.77777778
416.11	,62.88888889
416.28	,56.33333333
416.44	,60.33333333
416.61	,62
416.77	,66.77777778
416.94	,68.77777778
417.1	,69.77777778
417.27	,63.44444444
417.43	,73.22222222
417.6	,71.55555556
417.76	,79.11111111
417.93	,70.44444444
418.09	,78.66666667
418.25	,76.44444444
418.42	,79.88888889
418.58	,70.11111111
418.75	,72.55555556
418.91	,72.66666667
419.08	,74.33333333
419.24	,66
419.41	,73.88888889
419.57	,60.66666667
419.74	,64.55555556
419.9	,57.11111111
420.07	,73.44444444
420.23	,70.44444444
420.39	,71.66666667
420.56	,69.77777778
420.72	,81.22222222
420.89	,77.55555556
421.05	,90.77777778
421.22	,86.66666667
421.38	,97.33333333
421.55	,103.2222222
421.71	,111.6666667
421.88	,111.1111111
422.04	,116.8888889
422.2	,122.7777778
422.37	,122.6666667
422.53	,133.8888889
422.7	,137.8888889
422.86	,141.8888889
423.03	,133.3333333
423.19	,137
423.36	,149.3333333
423.52	,143.2222222
423.68	,135.1111111
423.85	,136.5555556
424.01	,129.7777778
424.18	,120.3333333
424.34,118.4444444
424.51,121.8888889
424.67,120.2222222
424.84	,104.5555556
425	106,.5555556
425.16	,105.7777778
425.33	,104.2222222
425.49	,97.11111111
425.66	,102.4444444
425.82	,92.44444444
425.99	,91.22222222
426.15	,83.44444444
426.31	,80.77777778
426.48	,69.66666667
426.64	,66
426.81	,58
426.97	,59.55555556
427.14	,53.44444444
427.3	,56
427.46	,41.88888889
427.63	,37.33333333
427.79	,30.11111111
427.96	,34
428.12	,34.33333333
428.29	,44.44444444
428.45	,35.44444444
428.61	,42.11111111
428.78	,29.55555556
428.94	,30.44444444
429.11	,33.22222222
429.27	,34.11111111
429.44	,30.44444444
429.6	,27.33333333
429.76	,28.33333333
429.93	,30
430.09	,28.44444444
430.26	,36
430.42	,41
430.58	,46.66666667
430.75	,45.88888889
430.91	,55.66666667
431.08	,61.44444444
431.24	,52.44444444
431.41	,53.66666667
431.57	,60.66666667
431.73	,53
431.9	,54.88888889
432.06	,49
432.23	,64.33333333
432.39	,54.88888889
432.55	,64
432.72	,74.88888889
432.88	,86.88888889
433.05	,85.55555556
433.21	,99.33333333
433.37	,104.8888889
433.54	,122.7777778
433.7	,120
433.87	,133.7777778
434.03	,133.4444444
434.19	,161
434.36	,195
434.52	,249.8888889
434.69	,287.2222222
434.85	,326.2222222
435.01	,328.4444444
435.18	,330.8888889
435.34	,317.4444444
435.51	,317.7777778
435.67	,282.5555556
435.83	,244.3333333
436	,184.8888889
436.16	,140
436.33	,89.66666667
436.49	,81.66666667
436.65	,75.11111111
436.82	,87.88888889
436.98	,79.33333333
437.15	,82.44444444
437.31	,68.88888889
437.47	,72.77777778
437.64	,68.66666667
437.8	,69.55555556
437.96	,58.55555556
438.13	,59.44444444
438.29	,47.33333333
438.46	,49.55555556
438.62	,39.22222222
438.78	,52
438.95	,47
439.11	,55
439.28	,61
439.44	,59.44444444
439.6	,63.55555556
439.77	,75.77777778
439.93	,70
440.09	,88.66666667
440.26	,90.66666667
440.42	,99.22222222
440.59	,101.2222222
440.75	,114.1111111
440.91	,118.7777778
441.08	,121.1111111
441.24	,116
441.4	,123.2222222
441.57	,119.7777778
441.73	,125.1111111
441.89	,125.5555556
442.06	,136.2222222
442.22	,126.2222222
442.39	,134.3333333
442.55	,129
442.71	,143.6666667
442.88	,146.5555556
443.04	,155.8888889
443.2	,153.2222222
443.37	,170.8888889
443.53	,184.7777778
443.7	,208.1111111
443.86	,209.7777778
444.02	,224.8888889
444.19	,217.2222222
444.35	,226.4444444
444.51	,222
444.68	,220.2222222
444.84	,185.8888889
445	,158.7777778
445.17	,126.6666667
445.33	,114.1111111
445.49	,90.55555556
445.66	,77.22222222
445.82,52
445.98	,43.11111111
446.15	,32.33333333
446.31	,45.77777778
446.48	,37.77777778
446.64	,43
446.8	,42.44444444
446.97	,50.22222222
447.13	,46.88888889
447.29	,57.88888889
447.46	,51.11111111
447.62	,52.88888889
447.78	,50.22222222
447.95	,58.33333333
448.11	,52.66666667
448.27	,50
448.44	,41.44444444
448.6	,49.77777778
448.76	,38.88888889
448.93	,45.66666667
449.09	,42.66666667
449.25	,37.33333333
449.42	,38.33333333
449.58	,40
449.74	,26.22222222
449.91	,34.33333333
450.07	,27.77777778
450.23	,30.55555556
450.4	,22.22222222
450.56	,24.11111111
450.72	,25
450.89	,25.55555556
451.05	,22.44444444
451.21	,35.66666667
451.38	,33.88888889
451.54	,42.22222222
451.7	,36
451.87	,39.88888889
452.03	,39.55555556
452.19	,45.22222222
452.36	,42.22222222
452.52	,46.11111111
452.68	,44.88888889
452.85	,38.11111111
453.01	,24.22222222
453.17	,35.66666667
453.34	,30.44444444
453.5	,30.55555556
453.66	,25.77777778
453.83	,14.44444444
453.99	,10.33333333
454.15	,14.88888889
454.31	,17.11111111
454.48	,28.33333333
454.64	,25.66666667
454.8	,27.66666667
454.97	,30.55555556
455.13	,33.66666667
455.29	,37.66666667
455.46	,34.55555556
455.62	,23.55555556
455.78	,24.66666667
455.95	,15.44444444
456.11	,21.55555556
456.27	,23
456.44	,30
456.6	,19.22222222
456.76	,24
456.92	,33.88888889
457.09	,46.22222222
457.25	,37.44444444
457.41	,50.33333333
457.58	,54
457.74	,56.33333333
457.9	,50.22222222
458.07	,58.55555556
458.23	,61
458.39	,63.77777778
458.55	,67.11111111
458.72	,95.22222222
458.88	,105.5555556
459.04	,115
459.21	,142.3333333
459.37	,162.6666667
459.53	,177.3333333
459.7	,197.6666667
459.86	,207
460.02	,213.1111111
460.18	,207.2222222
460.35	,212
460.51	,208.5555556
460.67	,211.7777778
460.84	,218.1111111
461	237,.4444444
461.16	,252.2222222
461.32	,275.4444444
461.49	,314.3333333
461.65	,371.5555556
461.81	,431.1111111
461.98	,506.3333333
462.14	,539.2222222
462.3	,563.8888889
462.46	,578.4444444
462.63	,593.1111111
462.79	,601.5555556
462.95	,594.7777778
463.12	,577
463.28	,543
463.44	,492.3333333
463.6	,466.5555556
463.77	,442
463.93	,424.4444444
464.09	,390.7777778
464.25	,364.8888889
464.42	,337.8888889
464.58	,301.4444444
464.74	,290.2222222
464.91	,286.3333333
465.07	,299.7777778
465.23	,328.5555556
465.39	,327
465.56	,340.7777778
465.72	,346.1111111
465.88	,352.6666667
466.04	,356.3333333
466.21	,346.2222222
466.37	,320.1111111
466.53	,279.7777778
466.69	,224.7777778
466.86	,204.4444444
467.02	,171.5555556
467.18	,154.3333333
467.34	,136.5555556
467.51	,118.2222222
467.67	,89.55555556
467.83	,79.44444444
468	,68.33333333
468.16	,64.77777778
468.32	,59.33333333
468.48	,69.66666667
468.65	,64.33333333
468.81	,67.55555556
468.97	,74.22222222
469.13	,85.11111111
469.3	,92.44444444
469.46	,94.66666667
469.62	,101.1111111
469.78	,111.3333333
469.95	,99.44444444
470.11	,96
470.27	,87.88888889
470.43	,86.66666667
470.6	,90.22222222
470.76	,92.11111111
470.92	,94.33333333
471.08	,92.77777778
471.25	,87.88888889
471.41	,96.33333333
471.57	,94.55555556
471.73	,103.1111111
471.89	,104.5555556
472.06	,93
472.22	,82.88888889
472.38	,94.77777778
472.54	,96.33333333
472.71	,96.88888889
472.87	,97.11111111
473.03	,112.3333333
473.19	,114.2222222
473.36	,120.1111111
473.52	,122.1111111
473.68	,127.4444444
473.84	,108.1111111
474.01	,110
474.17	,102.8888889
474.33	,108.1111111
474.49	,99.66666667
474.65	,91.33333333
474.82	,77.55555556
474.98	,83.66666667
475.14	,73.11111111
475.3	,76
475.47	,70.22222222
475.63	,62.33333333
475.79	,54.66666667
475.95	,53.22222222
476.11	,48.66666667
476.28	,57.22222222
476.44	,51.22222222
476.6	,63.44444444
476.76	,70
476.93	,80.66666667
477.09	,94.44444444
477.25	,93.77777778
477.41	,98.88888889
477.57	,116.6666667
477.74	,113.4444444
477.9	,127.2222222
478.06	,122.7777778
478.22	,129.6666667
478.39	,129.6666667
478.55	,134.1111111
478.71	,147.3333333
478.87	,162.3333333
479.03	,170.5555556
479.2	,189.7777778
479.36	,196.2222222
479.52	,210
479.68	,213.2222222
479.84	,210.4444444
480.01	,206.8888889
480.17	,208
480.33	,194.7777778
480.49	,181.5555556
480.65	,163.4444444
480.82	,156.3333333
480.98	,143.7777778
481.14	,138.3333333
481.3	,129.2222222
481.46	,124
481.63	,107.8888889
481.79	,107.8888889
481.95	,98.22222222
482.11	,117.4444444
482.27	,100.5555556
482.44	,107
482.6	,111.3333333
482.76	,131.6666667
482.92	,147
483.08	,186.8888889
483.25	,219.2222222
483.41	,264.1111111
483.57	,278.6666667
483.73	,318.2222222
483.89	,341.4444444
484.05	,367.8888889
484.22	,388.3333333
484.38	,414.1111111
484.54	,413.3333333
484.7	,413.6666667
484.86	,405.3333333
485.03	,409.2222222
485.19	,407.3333333
485.35	,433
485.51	,447.1111111
485.67	,450.5555556
485.83	,454.6666667
486	,464
486.16	,450.7777778
486.32,450.7777778
486.48,447.5555556
486.64,449
486.81,436.8888889
486.97,421.6666667
487.13,406.8888889
487.29,394.4444444
487.45,366.6666667
487.61,368.8888889
487.78,357.4444444
487.94	,348.5555556
488.1	,346.7777778
488.26	,331.2222222
488.42	,315
488.58	,309.1111111
488.75	,291.2222222
488.91	,303.5555556
489.07	,301.2222222
489.23	,300.8888889
489.39	,294.7777778
489.55	,281.2222222
489.72	,272.4444444
489.88	,269.5555556
490.04	,274.4444444
490.2	,279
490.36	,279.8888889
490.52	,276
490.69	,264.5555556
490.85	,262.5555556
491.01	,254.3333333
491.17	,260.7777778
491.33	,257.2222222
491.49	,256.8888889
491.65	,262.1111111
491.82	,251.6666667
491.98	,250.4444444
492.14	,268.8888889
492.3	,276.4444444
492.46	,296.4444444
492.62	,295
492.78	,300.2222222
492.95	,291.4444444
493.11	,280.7777778
493.27	,279.7777778
493.43	,284.2222222
493.59	,274.1111111
493.75	,269.7777778
493.92	,249.2222222
494.08	,254.1111111
494.24	,257.1111111
494.4	,267
494.56	,275.4444444
494.72	,269.6666667
494.88	,262.8888889
495.04	,266
495.21	,279.5555556
495.37	,293.8888889
495.53	,295.5555556
495.69	,308.8888889
495.85	,308.7777778
496.01	,331.8888889
496.17	,357
496.34	,382.3333333
496.5	,410.7777778
496.66	,430.1111111
496.82	,460.6666667
496.98	,518.2222222
497.14	,557.1111111
497.3	,613.4444444
497.46	,650.1111111
497.63	,697.2222222
497.79	,742.6666667
497.95	,805.6666667
498.11	,862.2222222
498.27	,910.6666667
498.43	,917.4444444
498.59	,957.3333333
498.75	,1005.666667
498.92	,1042.444444
499.08	,1112.888889
499.24	,1159.444444
499.4	,1184.444444
499.56	,1181.333333
499.72	,1216.111111
499.88	,1217.444444
500.04	,1211.333333
500.21	,1170.333333
500.37	,1148.333333
500.53,1068.666667
500.69,1036.555556
500.85,974
501.01	,959.6666667
501.17	,902.2222222
501.33	,883.2222222
501.49	,860.5555556
501.65	,851.2222222
501.82	,831.2222222
501.98	,802.8888889
502.14	,759.6666667
502.3	,743.4444444
502.46	,698.4444444
502.62	,668.6666667
502.78	,632.7777778
502.94	,602.2222222
503.1	,589.2222222
503.27	,585.3333333
503.43	,598.6666667
503.59	,579.1111111
503.75	,567.8888889
503.91	,535.5555556
504.07	,513.2222222
504.23	,491.3333333
504.39	,457.7777778
504.55	,406.1111111
504.71	,342.6666667
504.87	,287
505.04	,257
505.2	,211.2222222
505.36	,204.7777778
505.52	,180.5555556
505.68	,179.4444444
505.84	,164.6666667
506	,159.2222222
506.16	,149.8888889
506.32	,145
506.48	,140.2222222
506.64	,155.1111111
506.81	,147.4444444
506.97	,155.4444444
507.13	,147
507.29	,157.5555556
507.45	,148
507.61	,150.6666667
507.77	,154.1111111
507.93	,159.6666667
508.09	,138.6666667
508.25	,146.1111111
508.41	,134.1111111
508.57	,131.4444444
508.74	,120.1111111
508.9	,128.3333333
509.06	,134
509.22	,149.8888889
509.38	,143.2222222
509.54	,155.6666667
509.7	,150.6666667
509.86	,156.8888889
510.02	,158.7777778
510.18	,162.6666667
510.34	,155.7777778
510.5	,148.2222222
510.66	,142.1111111
510.82	,150.6666667
510.98	,143.2222222
511.15	,153.3333333
511.31	,163
511.47	,165.3333333
511.63	,166.8888889
511.79	,174.1111111
511.95	,179.3333333
512.11	,174.8888889
512.27	,174
512.43	,185
512.59	,177
512.75	,178.3333333
512.91	,176.2222222
513.07	,175.1111111
513.23	,175
513.39	,179.7777778
513.55	,192.8888889
513.71	,200.1111111
513.88	,196.2222222
514.04	,191.3333333
514.2	,182.5555556
514.36	,193
514.52	,193.2222222
514.68	,200.6666667
514.84	,206.5555556
515	206,.6666667
515.16	,210.2222222
515.32	,225.2222222
515.48	,246.6666667
515.64	,285.2222222
515.8	,303.4444444
515.96	,354.6666667
516.12	,399.2222222
516.28	,427.5555556
516.44	,456.5555556
516.6	,484.8888889
516.76	,515.7777778
516.92	,550.7777778
517.08	,544.4444444
517.24	,545.6666667
517.4	,517.3333333
517.56	,480.1111111
517.73	,456
517.89	,430
518.05	,413.2222222
518.21	,375.3333333
518.37	,314.6666667
518.53	,282
518.69	,245.7777778
518.85	,216.7777778
519.01	,208.2222222
519.17	,198.2222222
519.33	,177.7777778
519.49	,155.2222222
519.65	,138.4444444
519.81	,150
519.97	,139.6666667
520.13	,142.6666667
520.29	,140.4444444
520.45	,128.3333333
520.61	,116.6666667
520.77	,109.1111111
520.93	,95.88888889
521.09	,101.1111111
521.25	,81.88888889
521.41	,84.11111111
521.57	,70.22222222
521.73	,70.33333333
521.89	,63.77777778
522.05	,67.11111111
522.21	,60.44444444
522.37	,61.55555556
522.53	,56.22222222
522.69	,66.77777778
522.85	,59
523.01	,69.11111111
523.17	,62.22222222
523.33	,54.55555556
523.49	,52.88888889
523.65	,60.77777778
523.81	,59.11111111
523.97	,61.88888889
524.13	,49.77777778
524.29	,60.33333333
524.45	,57.33333333
524.61	,60.11111111
524.77	,73.66666667
524.93	,73.66666667
525.09	,78
525.25	,76.55555556
525.41	,71.22222222
525.57	,82.55555556
525.73	,66.33333333
525.89	,70.33333333
526.05	,65.33333333
526.21	,58.66666667
526.37	,54.11111111
526.53	,45.22222222
526.69	,47.44444444
526.85	,49.44444444
527.01	,32.66666667
527.17	,43.77777778
527.33	,40.77777778
527.49	,55.11111111
527.65	,55.88888889
527.81	,54.44444444
527.97	,54.33333333
528.13	,49.33333333
528.29	,49.33333333
528.45	,61.55555556
528.61	,56.77777778
528.77	,54.33333333
528.93	,40.22222222
529.09	,43.77777778
529.25	,42
529.41	,41
529.57	,46.33333333
529.73	,41.55555556
529.89	,36.22222222
530.05	,46
530.21	,47.44444444
530.37	,51.44444444
530.53	,44.55555556
530.69	,52
530.85	,47.11111111
531.01	,49.44444444
531.17	,54.55555556
531.33	,59.77777778
531.49	,51.44444444
531.65	,54.22222222
531.81	,53.33333333
531.97	,54.88888889
532.12	,49.66666667
532.28	,59.77777778
532.44	,57.77777778
532.6	,63.77777778
532.76	,67.44444444
532.92	,69.11111111
533.08	,59
533.24	,65
533.4	,64.77777778
533.56	,71.77777778
533.72	,73.88888889
533.88	,63.77777778
534.04	,49.44444444
534.2	,39.11111111
534.36	,40.77777778
534.52	,42.55555556
534.68	,31.88888889
534.84	,35.22222222
535	30.,66666667
535.16	,22.22222222
535.32	,32
535.48	,43.33333333
535.64	,49.44444444
535.79	,45.22222222
535.95	,42.88888889
536.11	,49.11111111
536.27	,42.55555556
536.43	,42.55555556
536.59	,37.44444444
536.75	,35
536.91	,29.88888889
537.07	,28.44444444
537.23	,27.77777778
537.39	,33.77777778
537.55	,25.66666667
537.71	,36
537.87	,29.88888889
538.03	,36.55555556
538.19	,33
538.35	,35.66666667
538.5	,45.66666667
538.66	,51.55555556
538.82	,47.88888889
538.98	,50.77777778
539.14	,50.77777778
539.3	,52.88888889
539.46	,62.88888889
539.62	,63.11111111
539.78	,62.22222222
539.94	,66
540.1	,63.88888889
540.26	,64.55555556
540.42	,64.88888889
540.58	,59.11111111
540.73	,58.11111111
540.89	,50.22222222
541.05	,50.11111111
541.21	,37.44444444
541.37	,26.77777778
541.53	,30.55555556
541.69	,24.55555556
541.85	,33.44444444
542.01	,28.66666667
542.17	,34.88888889
542.33	,33.33333333
542.49	,33.88888889
542.65	,39
542.8	,39.55555556
542.96	,41.44444444
543.12	,59.33333333
543.28	,48.22222222
543.44	,53.22222222
543.6	,46.11111111
543.76	,51.55555556
543.92	,51.11111111
544.08	,65.77777778
544.24	,63.77777778
544.4	,66.77777778
544.55	,78.77777778
544.71	,112.5555556
544.87	,143
545.03	,181.2222222
545.19	,191.5555556
545.35	,203.4444444
545.51	,197.6666667
545.67	,206
545.83	,192.5555556
545.99	,173.5555556
546.14	,147.8888889
546.3	,115
546.46	,74.88888889
546.62	,70.44444444
546.78	,66.44444444
546.94	,60.77777778
547.1	,55.88888889
547.26	,70.77777778
547.42	,68.77777778
547.58	,76.44444444
547.73	,77.11111111
547.89	,82.88888889
548.05	,80.55555556
548.21	,76.88888889
548.37	,80.88888889
548.53	,80.33333333
548.69	,67.44444444
548.85	,67.22222222
549.01	,59.55555556
549.16	,75
549.32	,91.77777778
549.48	,80.22222222
549.64	,78.11111111
549.8	,79.44444444
549.96	,79.11111111
550.12	,82.22222222
550.28	,89.22222222
550.43	,87.77777778
550.59	,81.22222222
550.75	,72.66666667
550.91	,84.44444444
551.07	,96.88888889
551.23	,96.11111111
551.39	,104.2222222
551.55	,111.4444444
551.7	,114.5555556
551.86	,117.5555556
552.02	,120.3333333
552.18	,121.2222222
552.34	,119.7777778
552.5	,116.1111111
552.66	,123.2222222
552.81	,108.7777778
552.97	,117
553.13	,117.1111111
553.29	,115.5555556
553.45	,112
553.61	,105.7777778
553.77	,102.2222222
553.93	,108.3333333
554.08	,99.44444444
554.24	,111.5555556
554.4	,92.22222222
554.56	,79.55555556
554.72	,73.88888889
554.88	,68.55555556
555.04	,66.55555556
555.19	,67.22222222
555.35	,49.55555556
555.51	,51.88888889
555.67	,43.77777778
555.83	,53.22222222
555.99	,55.55555556
556.15	,53.66666667
556.3	,52.55555556
556.46	,55.88888889
556.62	,50.11111111
556.78	,53.55555556
556.94	,48.55555556
557.1	,43.88888889
557.25	,45.33333333
557.41	,43.11111111
557.57	,49
557.73	,59.22222222
557.89	,58.33333333
558.05	,63.33333333
558.2	,72.55555556
558.36	,75.33333333
558.52	,71.44444444
558.68	,69.22222222
558.84	,72.33333333
559	,81.66666667
559.15	,72.11111111
559.31	,68.66666667
559.47	,69
559.63	,58
559.79	,54.44444444
559.95	,63.55555556
560.1	,57.11111111
560.26	,57.77777778
560.42	,50.22222222
560.58	,55
560.74	,50.22222222
560.9	,60.88888889
561.05	,54
561.21	,62.88888889
561.37	,60.55555556
561.53	,72.66666667
561.69	,68.44444444
561.85	,67.77777778
562	,66.33333333
562.16	,69
562.32	,59.66666667
562.48	,73.66666667
562.64	,68.22222222
562.79	,78.66666667
562.95	,70.88888889
563.11	,70.88888889
563.27	,70.44444444
563.43,66.66666667
563.59	,68.22222222
563.74	,75.88888889
563.9,68.22222222
564.06	,89.11111111
564.22	,78.22222222
564.38	,92.77777778
564.53	,117
564.69	,147.8888889
564.85	,182.1111111
565.01	,218.3333333
565.17	,239.5555556
565.32	,294.2222222
565.48	,321.4444444
565.64	,381.7777778
565.8,412.7777778
565.96,463
566.11	,500.5555556
566.27	,554.6666667
566.43	,590.5555556
566.59	,645.6666667
566.75	,668.4444444
566.9	,688.5555556
567.06	,694.8888889
567.22	,700.8888889
567.38	,680.4444444
567.54	,651.6666667
567.69	,603.8888889
567.85	,557.7777778
568.01	,485.8888889
568.17	,428.2222222
568.33	,364.8888889
568.48	,318.7777778
568.64	,272.5555556
568.8	,232.2222222
568.96	,192.2222222
569.11	,156.7777778
569.27	,127.6666667
569.43	,121.8888889
569.59	,100.3333333
569.75	,107.5555556
569.9	,92.88888889
570.06	,96.55555556
570.22	,87.77777778
570.38	,94.77777778
570.54	,87.44444444
570.69	,96.11111111
570.85	,79.88888889
571.01	,85.33333333
571.17	,72.55555556
571.32	,69.88888889
571.48	,56
571.64	,52.22222222
571.8	,35.33333333
571.95	,32.33333333
572.11	,20.11111111
572.27	,22.11111111
572.43	,13.88888889
572.59	,19.88888889
572.74	,17.22222222
572.9	,24.22222222
573.06	,23.55555556
573.22	,36.44444444
573.37	,37.66666667
573.53	,48.77777778
573.69	,48.22222222
573.85	,49.33333333
574	35.,77777778
574.16	,36
574.32	,38
574.48	,36.66666667
574.63	,29.77777778
574.79	,32.77777778
574.95	,23.11111111
575.11	,21.77777778
575.26	,18.77777778
575.42	,27.55555556
575.58	,28.33333333
575.74	,24.22222222
575.9	,18.88888889
576.05	,19.66666667
576.21	,13.11111111
576.37	,23.55555556
576.52	,20.77777778
576.68	,24.66666667
576.84	,19.22222222
577	11.,55555556
577.15	,12.66666667
577.31	,26.44444444
577.47	,20.55555556
577.63	,28.77777778
577.78	,20
577.94	,30.11111111
578.1	,33.33333333
578.26	,44.88888889
578.41	,49.55555556
578.57	,43.44444444
578.73	,28.88888889
578.89	,31.88888889
579.04	,24.77777778
579.2	,25.11111111
579.36	,12.88888889
579.52	,18.33333333
579.67	,10.44444444
579.83	,13.66666667
579.99	,8.222222222
580.14	,13.88888889
580.3	,17
580.46	,16.22222222
580.62	,14.88888889
580.77	,25.11111111
580.93	,26.33333333
581.09	,32.66666667
581.25	,25.11111111
581.4	,33.66666667
581.56	,29.44444444
581.72	,25.22222222
581.87	,33
582.03	,42.88888889
582.19	,38.44444444
582.35	,36
582.5	,29.33333333
582.66	,35
582.82	,27.88888889
582.97	,33.88888889
583.13	,38.88888889
583.29	,38
583.45	,28.77777778
583.6	,30.44444444
583.76	,26.44444444
583.92	,29
584.07	,30.55555556
584.23	,34.22222222
584.39	,27.66666667
584.55	,25.88888889
584.7	,16.44444444
584.86	,19.44444444
585.02	,22.11111111
585.17	,23.11111111
585.33	,9.555555556
585.49	,3.555555556
585.64	,-2.555555556
585.8	,5.333333333
585.96	,5.555555556
586.12	,19.11111111
586.27	,11.22222222
586.43	,10.22222222
586.59	,5.444444444
586.74	,9.111111111
586.9	,14.44444444
587.06	,22.77777778
587.21	,29.11111111
587.37	,30.33333333
587.53	,24.55555556
587.69	,37
587.84	,37.55555556
588	,33.66666667
588.16	,35.55555556
588.31	,32.77777778
588.47	,25.55555556
588.63	,14.33333333
588.78	,8.777777778
588.94	,11.33333333
589.1	,-5.666666667
589.25	,-10.33333333
589.41	,-4
589.57	,2.888888889
589.72	,-0.555555556
589.88	,1.666666667
590.04	,9.444444444
590.19	,7.333333333
590.35	,3.777777778
590.51	,8.555555556
590.67	,14.66666667
590.82	,13.77777778
590.98	,6.666666667
591.14	,16.22222222
591.29	,22.11111111
591.45	,25
591.61	,26.55555556
591.76	,26.44444444
591.92	,31.88888889
592.08	,38
592.23	,48.22222222
592.39	,53.66666667
592.55	,50.44444444
592.7	,53.88888889
592.86	,50.44444444
593.02	,54.66666667
593.17	,60.66666667
593.33	,68.44444444
593.49	,59.66666667
593.64	,54
593.8	,52.55555556
593.96	,53.66666667
594.11	,51.11111111
594.27	,51.88888889
594.42	,43.66666667
594.58	,45.22222222
594.74	,36.77777778
594.89	,26.22222222
595.05	,23.66666667
595.21	,28
595.36	,19.33333333
595.52	,16
595.68	,17.55555556
595.83	,34.11111111
595.99	,17.11111111
596.15	,19.33333333
596.3	,21
596.46	,25.88888889
596.62	,15.22222222
596.77	,22.33333333
596.93	,24.33333333
597.09	,13.22222222
597.24	,4.111111111
597.4	,12.55555556
597.55	,6.222222222
597.71	,6.777777778
597.87	,-6.666666667
598.02	,1.777777778
598.18	,0.222222222
598.34	,3.777777778
598.49	,6.222222222
598.65	,7.333333333
598.81	,0.888888889
598.96	,6.666666667
599.12	,11.77777778
599.27	,19.77777778
599.43	,14.44444444
599.59	,16.55555556
599.74	,3.333333333
599.9	,11.33333333
600.06	,5.666666667
600.21	,12.33333333
600.37	,10.88888889
600.52	,12.33333333
600.68	,11.33333333
600.84	,24.33333333
600.99	,18.55555556
