,Wavelength,Sum
0,197.2,-36
1,197.26,-47
2,197.31,7
3,197.36,-80
4,197.42,56
5,197.47,-85
6,197.53,7
7,197.58,-37
8,197.63,-10
9,197.69,-9
10,197.74,-20
11,197.8,-11
12,197.85,58
13,197.9,-36
14,197.96,30
15,198.01,-37
16,198.07,21
17,198.12,48
18,198.17,66
19,198.23,-26
20,198.28,-20
21,198.33,-32
22,198.39,-56
23,198.44,0
24,198.5,-111
25,198.55,-57
26,198.6,32
27,198.66,11
28,198.71,-26
29,198.77,-8
30,198.82,-60
31,198.87,-61
32,198.93,-6
33,198.98,-4
34,199.04,-36
35,199.09,-33
36,199.14,18
37,199.2,-58
38,199.25,-32
39,199.3,-27
40,199.36,40
41,199.41,-100
42,199.47,25
43,199.52,-15
44,199.57,39
45,199.63,-61
46,199.68,-16
47,199.74,-24
48,199.79,-15
49,199.84,-87
50,199.9,8
51,199.95,3
52,200.0,42
53,200.06,50
54,200.11,99
55,200.17,-1
56,200.22,-78
57,200.27,-54
58,200.33,-73
59,200.38,-27
60,200.43,50
61,200.49,12
62,200.54,-29
63,200.6,-61
64,200.65,9
65,200.7,30
66,200.76,-30
67,200.81,1
68,200.87,-36
69,200.92,-80
70,200.97,-9
71,201.03,6
72,201.08,45
73,201.13,-11
74,201.19,-6
75,201.24,-55
76,201.3,-11
77,201.35,-30
78,201.4,-11
79,201.46,58
80,201.51,-43
81,201.56,-20
82,201.62,-79
83,201.67,-60
84,201.73,7
85,201.78,-22
86,201.83,-48
87,201.89,6
88,201.94,-72
89,201.99,-21
90,202.05,-37
91,202.1,-35
92,202.16,-29
93,202.21,1
94,202.26,4
95,202.32,-55
96,202.37,1
97,202.42,-17
98,202.48,-47
99,202.53,-13
100,202.58,-83
101,202.64,36
102,202.69,98
103,202.75,-22
104,202.8,14
105,202.85,-70
106,202.91,-22
107,202.96,-32
108,203.01,-43
109,203.07,-22
110,203.12,59
111,203.18,-28
112,203.23,-48
113,203.28,-18
114,203.34,-75
115,203.39,41
116,203.44,52
117,203.5,41
118,203.55,65
119,203.6,132
120,203.66,745
121,203.71,953
122,203.77,1155
123,203.82,1250
124,203.87,684
125,203.93,268
126,203.98,115
127,204.03,-13
128,204.09,25
129,204.14,-23
130,204.19,18
131,204.25,15
132,204.3,2
133,204.36,78
134,204.41,415
135,204.46,810
136,204.52,1088
137,204.57,758
138,204.62,143
139,204.68,-1
140,204.73,-51
141,204.78,-53
142,204.84,-27
143,204.89,-61
144,204.95,2
145,205.0,-8
146,205.05,-40
147,205.11,-40
148,205.16,-48
149,205.21,28
150,205.27,52
151,205.32,-43
152,205.37,4
153,205.43,9
154,205.48,38
155,205.53,651
156,205.59,1117
157,205.64,935
158,205.7,859
159,205.75,94
160,205.8,72
161,205.86,-36
162,205.91,-22
163,205.96,47
164,206.02,27
165,206.07,-11
166,206.12,-4
167,206.18,2
168,206.23,14
169,206.28,-35
170,206.34,-15
171,206.39,-33
172,206.44,-3
173,206.5,-54
174,206.55,-59
175,206.61,6
176,206.66,78
177,206.71,-48
178,206.77,-3
179,206.82,10
180,206.87,-23
181,206.93,-32
182,206.98,-14
183,207.03,20
184,207.09,-35
185,207.14,44
186,207.19,-42
187,207.25,4
188,207.3,-50
189,207.35,2
190,207.41,-14
191,207.46,-14
192,207.51,-38
193,207.57,-10
194,207.62,-7
195,207.68,-88
196,207.73,-49
197,207.78,16
198,207.84,-47
199,207.89,50
200,207.94,34
201,208.0,75
202,208.05,40
203,208.1,-22
204,208.16,-27
205,208.21,34
206,208.26,0
207,208.32,-23
208,208.37,-37
209,208.42,-62
210,208.48,19
211,208.53,-33
212,208.58,-41
213,208.64,11
214,208.69,17
215,208.74,31
216,208.8,-2
217,208.85,117
218,208.9,132
219,208.96,182
220,209.01,224
221,209.06,138
222,209.12,143
223,209.17,17
224,209.22,11
225,209.28,-1
226,209.33,15
227,209.38,29
228,209.44,59
229,209.49,3
230,209.54,64
231,209.6,-39
232,209.65,95
233,209.7,95
234,209.76,-32
235,209.81,63
236,209.87,175
237,209.92,207
238,209.97,336
239,210.03,295
240,210.08,226
241,210.13,251
242,210.19,100
243,210.24,221
244,210.29,180
245,210.35,266
246,210.4,280
247,210.45,655
248,210.51,895
249,210.56,1093
250,210.61,1665
251,210.67,1207
252,210.72,1164
253,210.77,493
254,210.83,385
255,210.88,240
256,210.93,256
257,210.99,275
258,211.04,365
259,211.09,556
260,211.14,666
261,211.2,1115
262,211.25,1340
263,211.3,1480
264,211.36,1834
265,211.41,1484
266,211.46,1554
267,211.52,881
268,211.57,980
269,211.62,668
270,211.68,804
271,211.73,914
272,211.78,1031
273,211.84,1127
274,211.89,1032
275,211.94,1023
276,212.0,1115
277,212.05,1015
278,212.1,1260
279,212.16,1089
280,212.21,976
281,212.26,1095
282,212.32,2068
283,212.37,1785
284,212.42,1973
285,212.48,1965
286,212.53,1512
287,212.58,1235
288,212.64,1867
289,212.69,1784
290,212.74,1917
291,212.8,1857
292,212.85,1396
293,212.9,1025
294,212.96,1166
295,213.01,892
296,213.06,1259
297,213.12,963
298,213.17,1045
299,213.22,832
300,213.27,1214
301,213.33,1009
302,213.38,1194
303,213.43,1456
304,213.49,1604
305,213.54,1758
306,213.59,2455
307,213.65,2474
308,213.7,2364
309,213.75,2573
310,213.81,2251
311,213.86,1979
312,213.91,1523
313,213.97,1097
314,214.02,1409
315,214.07,983
316,214.13,986
317,214.18,751
318,214.23,999
319,214.29,1174
320,214.34,972
321,214.39,948
322,214.44,1132
323,214.5,767
324,214.55,715
325,214.6,793
326,214.66,888
327,214.71,883
328,214.76,1074
329,214.82,1221
330,214.87,1391
331,214.92,1765
332,214.98,2000
333,215.03,2384
334,215.08,1859
335,215.14,1449
336,215.19,1235
337,215.24,1275
338,215.29,1374
339,215.35,1077
340,215.4,1185
341,215.45,1027
342,215.51,1270
343,215.56,652
344,215.61,859
345,215.67,800
346,215.72,802
347,215.77,746
348,215.83,758
349,215.88,747
350,215.93,914
351,215.98,582
352,216.04,669
353,216.09,808
354,216.14,832
355,216.2,728
356,216.25,939
357,216.3,1078
358,216.36,1186
359,216.41,1075
360,216.46,978
361,216.51,957
362,216.57,1319
363,216.62,1034
364,216.67,958
365,216.73,1166
366,216.78,621
367,216.83,709
368,216.89,787
369,216.94,690
370,216.99,819
371,217.05,698
372,217.1,785
373,217.15,711
374,217.2,811
375,217.26,845
376,217.31,903
377,217.36,866
378,217.42,862
379,217.47,1001
380,217.52,1299
381,217.58,1243
382,217.63,1425
383,217.68,1500
384,217.73,1617
385,217.79,1191
386,217.84,1518
387,217.89,1514
388,217.95,2126
389,218.0,2480
390,218.05,2748
391,218.1,2352
392,218.16,1699
393,218.21,2206
394,218.26,1378
395,218.32,1699
396,218.37,1160
397,218.42,1171
398,218.48,1157
399,218.53,858
400,218.58,1302
401,218.63,889
402,218.69,1144
403,218.74,1226
404,218.79,1337
405,218.85,1400
406,218.9,1603
407,218.95,2073
408,219.0,1847
409,219.06,2564
410,219.11,2640
411,219.16,2337
412,219.22,2423
413,219.27,2513
414,219.32,3138
415,219.37,2141
416,219.43,2383
417,219.48,1855
418,219.53,1851
419,219.59,1530
420,219.64,1675
421,219.69,1533
422,219.75,1608
423,219.8,1643
424,219.85,1131
425,219.9,1359
426,219.96,1769
427,220.01,2271
428,220.06,2480
429,220.12,2059
430,220.17,2162
431,220.22,1756
432,220.27,1368
433,220.33,1473
434,220.38,1542
435,220.43,1526
436,220.49,1278
437,220.54,1457
438,220.59,1067
439,220.64,1034
440,220.7,1087
441,220.75,1326
442,220.8,1209
443,220.86,1361
444,220.91,1663
445,220.96,1739
446,221.01,1623
447,221.07,2008
448,221.12,2767
449,221.17,1911
450,221.22,1926
451,221.28,1753
452,221.33,1724
453,221.38,1671
454,221.44,1734
455,221.49,1412
456,221.54,1691
457,221.59,1681
458,221.65,1978
459,221.7,1796
460,221.75,1652
461,221.81,1627
462,221.86,2855
463,221.91,2458
464,221.96,2578
465,222.02,1789
466,222.07,1528
467,222.12,1637
468,222.17,1487
469,222.23,1420
470,222.28,1333
471,222.33,1623
472,222.39,1423
473,222.44,1141
474,222.49,1642
475,222.54,1434
476,222.6,1302
477,222.65,1491
478,222.7,1561
479,222.75,2060
480,222.81,2247
481,222.86,2832
482,222.91,2728
483,222.97,1742
484,223.02,2958
485,223.07,2853
486,223.12,2432
487,223.18,1993
488,223.23,1951
489,223.28,1744
490,223.33,1935
491,223.39,1267
492,223.44,1413
493,223.49,1247
494,223.55,1390
495,223.6,1095
496,223.65,1384
497,223.7,1230
498,223.76,1174
499,223.81,1210
500,223.86,1462
501,223.91,1157
502,223.97,1421
503,224.02,1254
504,224.07,1313
505,224.12,1458
506,224.18,1719
507,224.23,2170
508,224.28,3151
509,224.34,2636
510,224.39,2783
511,224.44,3031
512,224.49,2411
513,224.55,1459
514,224.6,1928
515,224.65,2315
516,224.7,2360
517,224.76,2345
518,224.81,3410
519,224.86,2779
520,224.91,2936
521,224.97,1589
522,225.02,1785
523,225.07,1716
524,225.12,1526
525,225.18,1907
526,225.23,1285
527,225.28,1380
528,225.34,1472
529,225.39,1128
530,225.44,1052
531,225.49,1208
532,225.55,1052
533,225.6,1311
534,225.65,890
535,225.7,1087
536,225.76,1110
537,225.81,1039
538,225.86,1030
539,225.91,1034
540,225.97,884
541,226.02,1044
542,226.07,1120
543,226.12,992
544,226.18,1275
545,226.23,1027
546,226.28,1146
547,226.33,965
548,226.39,1176
549,226.44,1549
550,226.49,1326
551,226.54,926
552,226.6,1353
553,226.65,1087
554,226.7,1053
555,226.75,1184
556,226.81,1351
557,226.86,888
558,226.91,1048
559,226.96,978
560,227.02,956
561,227.07,1055
562,227.12,990
563,227.17,917
564,227.23,875
565,227.28,835
566,227.33,978
567,227.38,848
568,227.44,1039
569,227.49,1089
570,227.54,1078
571,227.59,1264
572,227.65,1614
573,227.7,1565
574,227.75,2189
575,227.8,1634
576,227.86,1378
577,227.91,1022
578,227.96,901
579,228.01,1022
580,228.07,1005
581,228.12,966
582,228.17,885
583,228.22,732
584,228.28,1053
585,228.33,754
586,228.38,897
587,228.43,722
588,228.49,762
589,228.54,780
590,228.59,953
591,228.64,948
592,228.7,851
593,228.75,856
594,228.8,1110
595,228.85,944
596,228.91,1000
597,228.96,739
598,229.01,774
599,229.06,892
600,229.11,1170
601,229.17,1011
602,229.22,1062
603,229.27,988
604,229.32,1026
605,229.38,1258
606,229.43,1718
607,229.48,1628
608,229.53,2276
609,229.59,2156
610,229.64,1577
611,229.69,1394
612,229.74,1258
613,229.8,901
614,229.85,890
615,229.9,866
616,229.95,831
617,230.01,708
618,230.06,1009
619,230.11,714
620,230.16,859
621,230.21,727
622,230.27,836
623,230.32,810
624,230.37,959
625,230.42,829
626,230.48,700
627,230.53,779
628,230.58,555
629,230.63,781
630,230.69,675
631,230.74,709
632,230.79,672
633,230.84,629
634,230.89,675
635,230.95,635
636,231.0,545
637,231.05,603
638,231.1,707
639,231.16,641
640,231.21,714
641,231.26,706
642,231.31,634
643,231.37,737
644,231.42,743
645,231.47,594
646,231.52,637
647,231.57,614
648,231.63,655
649,231.68,595
650,231.73,635
651,231.78,450
652,231.84,625
653,231.89,585
654,231.94,684
655,231.99,545
656,232.05,767
657,232.1,404
658,232.15,545
659,232.2,571
660,232.25,601
661,232.31,619
662,232.36,580
663,232.41,518
664,232.46,518
665,232.52,672
666,232.57,620
667,232.62,639
668,232.67,481
669,232.72,542
670,232.78,640
671,232.83,497
672,232.88,596
673,232.93,574
674,232.98,515
675,233.04,597
676,233.09,547
677,233.14,427
678,233.19,623
679,233.25,495
680,233.3,569
681,233.35,451
682,233.4,572
683,233.45,461
684,233.51,682
685,233.56,504
686,233.61,512
687,233.66,567
688,233.72,615
689,233.77,682
690,233.82,612
691,233.87,733
692,233.92,630
693,233.98,539
694,234.03,611
695,234.08,545
696,234.13,523
697,234.18,534
698,234.24,508
699,234.29,479
700,234.34,459
701,234.39,467
702,234.45,603
703,234.5,459
704,234.55,534
705,234.6,539
706,234.65,556
707,234.71,431
708,234.76,540
709,234.81,582
710,234.86,478
711,234.91,621
712,234.97,558
713,235.02,649
714,235.07,637
715,235.12,612
716,235.17,559
717,235.23,528
718,235.28,501
719,235.33,522
720,235.38,672
721,235.44,583
722,235.49,568
723,235.54,540
724,235.59,709
725,235.64,623
726,235.7,792
727,235.75,807
728,235.8,1006
729,235.85,702
730,235.9,654
731,235.96,649
732,236.01,604
733,236.06,714
734,236.11,561
735,236.16,500
736,236.22,581
737,236.27,629
738,236.32,559
739,236.37,502
740,236.42,548
741,236.48,566
742,236.53,637
743,236.58,665
744,236.63,635
745,236.68,731
746,236.74,711
747,236.79,836
748,236.84,885
749,236.89,1073
750,236.94,1428
751,237.0,1817
752,237.05,1752
753,237.1,2108
754,237.15,1839
755,237.2,1615
756,237.26,1093
757,237.31,1223
758,237.36,986
759,237.41,815
760,237.46,978
761,237.52,792
762,237.57,900
763,237.62,710
764,237.67,870
765,237.72,826
766,237.78,748
767,237.83,809
768,237.88,979
769,237.93,704
770,237.98,911
771,238.03,653
772,238.09,693
773,238.14,811
774,238.19,536
775,238.24,559
776,238.29,563
777,238.35,732
778,238.4,512
779,238.45,619
780,238.5,444
781,238.55,557
782,238.61,560
783,238.66,489
784,238.71,546
785,238.76,583
786,238.81,583
787,238.87,469
788,238.92,571
789,238.97,596
790,239.02,472
791,239.07,531
792,239.12,551
793,239.18,421
794,239.23,560
795,239.28,695
796,239.33,592
797,239.38,605
798,239.44,585
799,239.49,583
800,239.54,570
801,239.59,639
802,239.64,573
803,239.7,510
804,239.75,446
805,239.8,714
806,239.85,638
807,239.9,624
808,239.95,803
809,240.01,924
810,240.06,1085
811,240.11,1068
812,240.16,1080
813,240.21,959
814,240.27,794
815,240.32,786
816,240.37,926
817,240.42,939
818,240.47,844
819,240.52,1170
820,240.58,959
821,240.63,916
822,240.68,946
823,240.73,937
824,240.78,807
825,240.83,919
826,240.89,848
827,240.94,740
828,240.99,741
829,241.04,781
830,241.09,600
831,241.15,573
832,241.2,684
833,241.25,680
834,241.3,689
835,241.35,645
836,241.4,695
837,241.46,533
838,241.51,720
839,241.56,754
840,241.61,703
841,241.66,779
842,241.71,557
843,241.77,579
844,241.82,569
845,241.87,705
846,241.92,590
847,241.97,470
848,242.02,488
849,242.08,688
850,242.13,643
851,242.18,606
852,242.23,589
853,242.28,459
854,242.34,504
855,242.39,599
856,242.44,653
857,242.49,574
858,242.54,738
859,242.59,651
860,242.65,688
861,242.7,734
862,242.75,679
863,242.8,672
864,242.85,706
865,242.9,579
866,242.96,599
867,243.01,659
868,243.06,704
869,243.11,568
870,243.16,664
871,243.21,661
872,243.27,592
873,243.32,529
874,243.37,636
875,243.42,591
876,243.47,579
877,243.52,621
878,243.57,547
879,243.63,473
880,243.68,600
881,243.73,597
882,243.78,539
883,243.83,515
884,243.88,633
885,243.94,571
886,243.99,649
887,244.04,499
888,244.09,646
889,244.14,650
890,244.19,626
891,244.25,804
892,244.3,806
893,244.35,794
894,244.4,621
895,244.45,754
896,244.5,764
897,244.56,788
898,244.61,735
899,244.66,702
900,244.71,629
901,244.76,681
902,244.81,664
903,244.86,697
904,244.92,595
905,244.97,600
906,245.02,701
907,245.07,487
908,245.12,531
909,245.17,577
910,245.23,492
911,245.28,608
912,245.33,612
913,245.38,593
914,245.43,489
915,245.48,547
916,245.53,564
917,245.59,515
918,245.64,731
919,245.69,462
920,245.74,620
921,245.79,545
922,245.84,600
923,245.9,581
924,245.95,667
925,246.0,631
926,246.05,675
927,246.1,583
928,246.15,521
929,246.2,555
930,246.26,502
931,246.31,655
932,246.36,522
933,246.41,652
934,246.46,588
935,246.51,526
936,246.56,712
937,246.62,584
938,246.67,628
939,246.72,457
940,246.77,709
941,246.82,609
942,246.87,694
943,246.92,757
944,246.98,695
945,247.03,682
946,247.08,559
947,247.13,772
948,247.18,615
949,247.23,619
950,247.28,699
951,247.34,807
952,247.39,796
953,247.44,1005
954,247.49,860
955,247.54,789
956,247.59,830
957,247.64,799
958,247.7,697
959,247.75,891
960,247.8,687
961,247.85,950
962,247.9,1048
963,247.95,870
964,248.0,1050
965,248.06,711
966,248.11,787
967,248.16,1031
968,248.21,603
969,248.26,704
970,248.31,864
971,248.36,635
972,248.41,846
973,248.47,707
974,248.52,814
975,248.57,801
976,248.62,814
977,248.67,1030
978,248.72,910
979,248.77,828
980,248.83,853
981,248.88,910
982,248.93,1057
983,248.98,1164
984,249.03,986
985,249.08,1142
986,249.13,945
987,249.18,1152
988,249.24,1044
989,249.29,1138
990,249.34,1105
991,249.39,900
992,249.44,870
993,249.49,719
994,249.54,651
995,249.6,760
996,249.65,692
997,249.7,744
998,249.75,640
999,249.8,799
1000,249.85,766
1001,249.9,925
1002,249.95,830
1003,250.01,639
1004,250.06,700
1005,250.11,690
1006,250.16,745
1007,250.21,704
1008,250.26,692
1009,250.31,737
1010,250.36,815
1011,250.42,872
1012,250.47,756
1013,250.52,767
1014,250.57,845
1015,250.62,821
1016,250.67,1174
1017,250.72,1045
1018,250.77,1074
1019,250.83,912
1020,250.88,1129
1021,250.93,1000
1022,250.98,999
1023,251.03,846
1024,251.08,972
1025,251.13,1138
1026,251.18,1004
1027,251.23,811
1028,251.29,875
1029,251.34,855
1030,251.39,963
1031,251.44,819
1032,251.49,1022
1033,251.54,811
1034,251.59,1008
1035,251.64,847
1036,251.7,772
1037,251.75,994
1038,251.8,976
1039,251.85,711
1040,251.9,966
1041,251.95,877
1042,252.0,897
1043,252.05,729
1044,252.1,958
1045,252.16,744
1046,252.21,853
1047,252.26,790
1048,252.31,855
1049,252.36,968
1050,252.41,968
1051,252.46,892
1052,252.51,717
1053,252.56,735
1054,252.62,988
1055,252.67,791
1056,252.72,1078
1057,252.77,890
1058,252.82,1110
1059,252.87,953
1060,252.92,1022
1061,252.97,1056
1062,253.02,1121
1063,253.08,1246
1064,253.13,999
1065,253.18,836
1066,253.23,954
1067,253.28,818
1068,253.33,801
1069,253.38,871
1070,253.43,910
1071,253.48,754
1072,253.54,1019
1073,253.59,996
1074,253.64,1052
1075,253.69,848
1076,253.74,781
1077,253.79,905
1078,253.84,828
1079,253.89,921
1080,253.94,904
1081,254.0,804
1082,254.05,865
1083,254.1,825
1084,254.15,749
1085,254.2,799
1086,254.25,854
1087,254.3,798
1088,254.35,833
1089,254.4,842
1090,254.45,1056
1091,254.51,1146
1092,254.56,1145
1093,254.61,1284
1094,254.66,1593
1095,254.71,1353
1096,254.76,1347
1097,254.81,852
1098,254.86,1124
1099,254.91,1062
1100,254.96,1169
1101,255.02,1067
1102,255.07,1000
1103,255.12,1063
1104,255.17,1009
1105,255.22,922
1106,255.27,836
1107,255.32,713
1108,255.37,978
1109,255.42,900
1110,255.47,903
1111,255.52,819
1112,255.58,667
1113,255.63,840
1114,255.68,890
1115,255.73,839
1116,255.78,862
1117,255.83,807
1118,255.88,794
1119,255.93,758
1120,255.98,872
1121,256.03,666
1122,256.08,876
1123,256.14,628
1124,256.19,923
1125,256.24,901
1126,256.29,795
1127,256.34,785
1128,256.39,682
1129,256.44,699
1130,256.49,873
1131,256.54,703
1132,256.59,927
1133,256.64,794
1134,256.7,778
1135,256.75,612
1136,256.8,708
1137,256.85,767
1138,256.9,795
1139,256.95,866
1140,257.0,756
1141,257.05,715
1142,257.1,1082
1143,257.15,875
1144,257.2,747
1145,257.26,767
1146,257.31,816
1147,257.36,754
1148,257.41,666
1149,257.46,869
1150,257.51,902
1151,257.56,707
1152,257.61,721
1153,257.66,718
1154,257.71,825
1155,257.76,856
1156,257.81,860
1157,257.87,756
1158,257.92,823
1159,257.97,742
1160,258.02,674
1161,258.07,829
1162,258.12,1118
1163,258.17,847
1164,258.22,777
1165,258.27,728
1166,258.32,621
1167,258.37,710
1168,258.42,894
1169,258.47,626
1170,258.53,820
1171,258.58,694
1172,258.63,929
1173,258.68,678
1174,258.73,629
1175,258.78,707
1176,258.83,691
1177,258.88,706
1178,258.93,827
1179,258.98,686
1180,259.03,806
1181,259.08,809
1182,259.13,959
1183,259.19,753
1184,259.24,1013
1185,259.29,730
1186,259.34,1013
1187,259.39,889
1188,259.44,823
1189,259.49,888
1190,259.54,931
1191,259.59,764
1192,259.64,851
1193,259.69,859
1194,259.74,974
1195,259.79,981
1196,259.84,1006
1197,259.9,1017
1198,259.95,816
1199,260.0,1164
1200,260.05,1025
1201,260.1,1282
1202,260.15,1129
1203,260.2,937
1204,260.25,1176
1205,260.3,1092
1206,260.35,769
1207,260.4,882
1208,260.45,1057
1209,260.5,963
1210,260.55,1012
1211,260.6,1022
1212,260.66,1063
1213,260.71,852
1214,260.76,790
1215,260.81,871
1216,260.86,1119
1217,260.91,981
1218,260.96,952
1219,261.01,744
1220,261.06,852
1221,261.11,909
1222,261.16,809
1223,261.21,797
1224,261.26,888
1225,261.31,895
1226,261.36,691
1227,261.41,838
1228,261.46,773
1229,261.52,825
1230,261.57,716
1231,261.62,785
1232,261.67,787
1233,261.72,1020
1234,261.77,877
1235,261.82,903
1236,261.87,1001
1237,261.92,907
1238,261.97,870
1239,262.02,1144
1240,262.07,882
1241,262.12,852
1242,262.17,820
1243,262.22,766
1244,262.27,800
1245,262.32,738
1246,262.38,732
1247,262.43,853
1248,262.48,775
1249,262.53,829
1250,262.58,863
1251,262.63,865
1252,262.68,795
1253,262.73,735
1254,262.78,691
1255,262.83,827
1256,262.88,929
1257,262.93,687
1258,262.98,832
1259,263.03,693
1260,263.08,1064
1261,263.13,746
1262,263.18,856
1263,263.23,837
1264,263.28,697
1265,263.33,783
1266,263.39,789
1267,263.44,773
1268,263.49,791
1269,263.54,678
1270,263.59,884
1271,263.64,694
1272,263.69,655
1273,263.74,917
1274,263.79,743
1275,263.84,727
1276,263.89,763
1277,263.94,867
1278,263.99,823
1279,264.04,707
1280,264.09,714
1281,264.14,863
1282,264.19,786
1283,264.24,753
1284,264.29,836
1285,264.34,702
1286,264.39,718
1287,264.44,840
1288,264.5,601
1289,264.55,875
1290,264.6,753
1291,264.65,696
1292,264.7,752
1293,264.75,802
1294,264.8,740
1295,264.85,798
1296,264.9,904
1297,264.95,907
1298,265.0,795
1299,265.05,943
1300,265.1,705
1301,265.15,863
1302,265.2,792
1303,265.25,735
1304,265.3,804
1305,265.35,768
1306,265.4,746
1307,265.45,823
1308,265.5,886
1309,265.55,759
1310,265.6,774
1311,265.65,878
1312,265.7,768
1313,265.75,798
1314,265.8,834
1315,265.86,748
1316,265.91,641
1317,265.96,909
1318,266.01,863
1319,266.06,824
1320,266.11,744
1321,266.16,828
1322,266.21,779
1323,266.26,727
1324,266.31,830
1325,266.36,829
1326,266.41,934
1327,266.46,787
1328,266.51,744
1329,266.56,896
1330,266.61,983
1331,266.66,806
1332,266.71,884
1333,266.76,1119
1334,266.81,790
1335,266.86,931
1336,266.91,745
1337,266.96,939
1338,267.01,998
1339,267.06,896
1340,267.11,850
1341,267.16,898
1342,267.21,972
1343,267.26,1264
1344,267.31,778
1345,267.36,988
1346,267.41,947
1347,267.46,981
1348,267.51,868
1349,267.56,906
1350,267.61,888
1351,267.67,769
1352,267.72,897
1353,267.77,921
1354,267.82,941
1355,267.87,1091
1356,267.92,789
1357,267.97,680
1358,268.02,1099
1359,268.07,894
1360,268.12,924
1361,268.17,1026
1362,268.22,1044
1363,268.27,843
1364,268.32,813
1365,268.37,993
1366,268.42,893
1367,268.47,871
1368,268.52,938
1369,268.57,780
1370,268.62,1029
1371,268.67,954
1372,268.72,1316
1373,268.77,838
1374,268.82,842
1375,268.87,1006
1376,268.92,1237
1377,268.97,989
1378,269.02,933
1379,269.07,974
1380,269.12,1081
1381,269.17,1372
1382,269.22,1209
1383,269.27,1074
1384,269.32,1039
1385,269.37,812
1386,269.42,830
1387,269.47,1054
1388,269.52,1067
1389,269.57,1005
1390,269.62,1058
1391,269.67,846
1392,269.72,1039
1393,269.77,963
1394,269.82,841
1395,269.87,764
1396,269.92,829
1397,269.97,845
1398,270.02,1010
1399,270.07,1048
1400,270.12,1162
1401,270.17,1288
1402,270.22,1101
1403,270.27,1026
1404,270.32,1058
1405,270.37,1300
1406,270.42,1062
1407,270.47,1058
1408,270.52,1105
1409,270.57,1274
1410,270.62,1122
1411,270.67,916
1412,270.72,1285
1413,270.77,894
1414,270.82,1251
1415,270.87,1186
1416,270.92,698
1417,270.97,1064
1418,271.02,1019
1419,271.07,963
1420,271.12,1075
1421,271.17,1266
1422,271.22,1246
1423,271.27,873
1424,271.32,1312
1425,271.37,1107
1426,271.42,1175
1427,271.47,1054
1428,271.52,1185
1429,271.57,1103
1430,271.62,992
1431,271.67,887
1432,271.72,933
1433,271.77,1138
1434,271.82,1446
1435,271.87,1015
1436,271.92,1114
1437,271.97,1052
1438,272.02,1345
1439,272.07,964
1440,272.12,1132
1441,272.17,1202
1442,272.22,1294
1443,272.27,1510
1444,272.32,1216
1445,272.37,1253
1446,272.42,1151
1447,272.47,1078
1448,272.52,1027
1449,272.57,1209
1450,272.62,935
1451,272.67,1111
1452,272.72,999
1453,272.77,1009
1454,272.82,1287
1455,272.87,1161
1456,272.92,1040
1457,272.97,1017
1458,273.02,925
1459,273.07,957
1460,273.12,1095
1461,273.17,1073
1462,273.22,1025
1463,273.27,940
1464,273.32,895
1465,273.37,945
1466,273.42,923
1467,273.47,844
1468,273.52,892
1469,273.57,877
1470,273.62,879
1471,273.67,969
1472,273.72,1112
1473,273.77,995
1474,273.82,1055
1475,273.87,897
1476,273.92,761
1477,273.97,1013
1478,274.02,984
1479,274.07,957
1480,274.12,965
1481,274.17,958
1482,274.22,1323
1483,274.27,935
1484,274.32,965
1485,274.37,816
1486,274.42,951
1487,274.47,1071
1488,274.52,1018
1489,274.57,912
1490,274.62,1076
1491,274.67,1185
1492,274.72,998
1493,274.77,854
1494,274.81,1160
1495,274.86,987
1496,274.91,1099
1497,274.96,1098
1498,275.01,1063
1499,275.06,1145
1500,275.11,1140
1501,275.16,1055
1502,275.21,1093
1503,275.26,1149
1504,275.31,967
1505,275.36,1153
1506,275.41,1018
1507,275.46,1064
1508,275.51,1153
1509,275.56,933
1510,275.61,971
1511,275.66,916
1512,275.71,1018
1513,275.76,1056
1514,275.81,1127
1515,275.86,1109
1516,275.91,888
1517,275.96,1126
1518,276.01,1204
1519,276.06,1133
1520,276.11,977
1521,276.16,913
1522,276.21,1147
1523,276.26,983
1524,276.31,1081
1525,276.36,958
1526,276.41,969
1527,276.46,999
1528,276.51,826
1529,276.56,1024
1530,276.6,1005
1531,276.65,1288
1532,276.7,1154
1533,276.75,1458
1534,276.8,1102
1535,276.85,1124
1536,276.9,1098
1537,276.95,1268
1538,277.0,1189
1539,277.05,1206
1540,277.1,1320
1541,277.15,1274
1542,277.2,1238
1543,277.25,1254
1544,277.3,823
1545,277.35,1177
1546,277.4,1353
1547,277.45,1014
1548,277.5,1067
1549,277.55,1057
1550,277.6,1189
1551,277.65,1010
1552,277.7,1195
1553,277.75,953
1554,277.8,851
1555,277.85,948
1556,277.89,1091
1557,277.94,825
1558,277.99,1025
1559,278.04,877
1560,278.09,864
1561,278.14,1131
1562,278.19,977
1563,278.24,1300
1564,278.29,1185
1565,278.34,949
1566,278.39,992
1567,278.44,864
1568,278.49,862
1569,278.54,1094
1570,278.59,919
1571,278.64,979
1572,278.69,942
1573,278.74,1098
1574,278.79,1107
1575,278.84,1271
1576,278.89,1084
1577,278.94,1044
1578,278.98,955
1579,279.03,1133
1580,279.08,1000
1581,279.13,1205
1582,279.18,904
1583,279.23,885
1584,279.28,1021
1585,279.33,1211
1586,279.38,1171
1587,279.43,1215
1588,279.48,909
1589,279.53,786
1590,279.58,938
1591,279.63,1185
1592,279.68,966
1593,279.73,966
1594,279.78,929
1595,279.83,1026
1596,279.88,1045
1597,279.92,1166
1598,279.97,991
1599,280.02,1088
1600,280.07,993
1601,280.12,1278
1602,280.17,1217
1603,280.22,981
1604,280.27,1084
1605,280.32,1270
1606,280.37,1105
1607,280.42,1116
1608,280.47,1039
1609,280.52,889
1610,280.57,959
1611,280.62,1110
1612,280.67,1048
1613,280.72,1407
1614,280.77,1033
1615,280.81,1111
1616,280.86,1165
1617,280.91,1123
1618,280.96,1026
1619,281.01,1068
1620,281.06,1248
1621,281.11,1022
1622,281.16,1394
1623,281.21,1074
1624,281.26,1084
1625,281.31,1055
1626,281.36,831
1627,281.41,960
1628,281.46,1025
1629,281.51,1219
1630,281.55,1456
1631,281.6,1187
1632,281.65,938
1633,281.7,1218
1634,281.75,1120
1635,281.8,1215
1636,281.85,1190
1637,281.9,1132
1638,281.95,1275
1639,282.0,881
1640,282.05,796
1641,282.1,1018
1642,282.15,1158
1643,282.2,1031
1644,282.25,1015
1645,282.29,1241
1646,282.34,1139
1647,282.39,1146
1648,282.44,1052
1649,282.49,1647
1650,282.54,1639
1651,282.59,1271
1652,282.64,1317
1653,282.69,1193
1654,282.74,1016
1655,282.79,961
1656,282.84,1266
1657,282.89,1342
1658,282.94,1053
1659,282.98,1319
1660,283.03,1189
1661,283.08,1148
1662,283.13,1137
1663,283.18,1114
1664,283.23,1134
1665,283.28,840
1666,283.33,988
1667,283.38,984
1668,283.43,1173
1669,283.48,1462
1670,283.53,1060
1671,283.58,1419
1672,283.62,1128
1673,283.67,1272
1674,283.72,1171
1675,283.77,1169
1676,283.82,954
1677,283.87,1363
1678,283.92,1262
1679,283.97,1369
1680,284.02,913
1681,284.07,1290
1682,284.12,1122
1683,284.17,1026
1684,284.21,1111
1685,284.26,896
1686,284.31,1295
1687,284.36,1302
1688,284.41,1567
1689,284.46,1409
1690,284.51,1108
1691,284.56,933
1692,284.61,1109
1693,284.66,1201
1694,284.71,1163
1695,284.76,1075
1696,284.8,1029
1697,284.85,1050
1698,284.9,1027
1699,284.95,911
1700,285.0,1282
1701,285.05,1080
1702,285.1,1355
1703,285.15,1011
1704,285.2,1070
1705,285.25,1140
1706,285.3,1208
1707,285.34,1161
1708,285.39,832
1709,285.44,830
1710,285.49,1138
1711,285.54,1041
1712,285.59,1175
1713,285.64,1125
1714,285.69,1061
1715,285.74,950
1716,285.79,931
1717,285.84,1249
1718,285.88,1093
1719,285.93,1110
1720,285.98,1385
1721,286.03,1081
1722,286.08,1093
1723,286.13,1352
1724,286.18,1305
1725,286.23,1258
1726,286.28,1035
1727,286.33,1384
1728,286.37,990
1729,286.42,1256
1730,286.47,949
1731,286.52,1201
1732,286.57,1062
1733,286.62,1474
1734,286.67,1080
1735,286.72,1000
1736,286.77,1209
1737,286.82,1118
1738,286.87,1115
1739,286.91,1171
1740,286.96,1134
1741,287.01,1042
1742,287.06,1173
1743,287.11,971
1744,287.16,1258
1745,287.21,1110
1746,287.26,965
1747,287.31,1164
1748,287.35,1282
1749,287.4,918
1750,287.45,1005
1751,287.5,1312
1752,287.55,1248
1753,287.6,1064
1754,287.65,1279
1755,287.7,1280
1756,287.75,1160
1757,287.8,1161
1758,287.84,1034
1759,287.89,1229
1760,287.94,1254
1761,287.99,1141
1762,288.04,1117
1763,288.09,1370
1764,288.14,1519
1765,288.19,1398
1766,288.24,1105
1767,288.28,1120
1768,288.33,1155
1769,288.38,1557
1770,288.43,1517
1771,288.48,1356
1772,288.53,1492
1773,288.58,1105
1774,288.63,1435
1775,288.68,1158
1776,288.72,1086
1777,288.77,1203
1778,288.82,1049
1779,288.87,1113
1780,288.92,1055
1781,288.97,1254
1782,289.02,1210
1783,289.07,1020
1784,289.12,1537
1785,289.16,1387
1786,289.21,1415
1787,289.26,1340
1788,289.31,1490
1789,289.36,1096
1790,289.41,1384
1791,289.46,1135
1792,289.51,1004
1793,289.55,1208
1794,289.6,1176
1795,289.65,1483
1796,289.7,1222
1797,289.75,1065
1798,289.8,1254
1799,289.85,1287
1800,289.9,1254
1801,289.95,1240
1802,289.99,1189
1803,290.04,1108
1804,290.09,1082
1805,290.14,1144
1806,290.19,1294
1807,290.24,1090
1808,290.29,1122
1809,290.34,1146
1810,290.38,1272
1811,290.43,1248
1812,290.48,1133
1813,290.53,1030
1814,290.58,1029
1815,290.63,1127
1816,290.68,882
1817,290.73,1172
1818,290.77,1083
1819,290.82,1118
1820,290.87,932
1821,290.92,970
1822,290.97,1110
1823,291.02,1117
1824,291.07,991
1825,291.11,989
1826,291.16,1411
1827,291.21,1290
1828,291.26,1019
1829,291.31,1167
1830,291.36,1347
1831,291.41,1087
1832,291.46,935
1833,291.5,1153
1834,291.55,1194
1835,291.6,1277
1836,291.65,1152
1837,291.7,849
1838,291.75,1269
1839,291.8,1318
1840,291.85,1109
1841,291.89,1335
1842,291.94,1213
1843,291.99,1058
1844,292.04,1105
1845,292.09,1018
1846,292.14,1184
1847,292.19,1032
1848,292.23,1095
1849,292.28,1170
1850,292.33,1115
1851,292.38,1135
1852,292.43,1264
1853,292.48,1187
1854,292.53,933
1855,292.57,1053
1856,292.62,1016
1857,292.67,1325
1858,292.72,1172
1859,292.77,1072
1860,292.82,1413
1861,292.87,1377
1862,292.91,1165
1863,292.96,1013
1864,293.01,1430
1865,293.06,1336
1866,293.11,1187
1867,293.16,1088
1868,293.21,919
1869,293.25,1150
1870,293.3,1012
1871,293.35,1117
1872,293.4,970
1873,293.45,963
1874,293.5,1099
1875,293.55,1263
1876,293.59,1243
1877,293.64,1150
1878,293.69,1354
1879,293.74,1027
1880,293.79,1352
1881,293.84,1255
1882,293.89,1273
1883,293.93,1382
1884,293.98,996
1885,294.03,1239
1886,294.08,1422
1887,294.13,990
1888,294.18,1103
1889,294.23,1073
1890,294.27,966
1891,294.32,990
1892,294.37,1113
1893,294.42,1309
1894,294.47,1029
1895,294.52,972
1896,294.56,923
1897,294.61,1586
1898,294.66,849
1899,294.71,854
1900,294.76,1332
1901,294.81,1015
1902,294.86,987
1903,294.9,1122
1904,294.95,983
1905,295.0,1153
1906,295.05,1006
1907,295.1,1141
1908,295.15,1441
1909,295.19,1105
1910,295.24,1213
1911,295.29,1224
1912,295.34,1073
1913,295.39,1134
1914,295.44,1085
1915,295.49,1344
1916,295.53,1046
1917,295.58,1234
1918,295.63,1091
1919,295.68,760
1920,295.73,1188
1921,295.78,1226
1922,295.82,1267
1923,295.87,1181
1924,295.92,936
1925,295.97,1365
1926,296.02,1485
1927,296.07,977
1928,296.11,1445
1929,296.16,1681
1930,296.21,1741
1931,296.26,1636
1932,296.31,1173
1933,296.36,1102
1934,296.4,1393
1935,296.45,1028
1936,296.5,1072
1937,296.55,1278
1938,296.6,1049
1939,296.65,1232
1940,296.69,1262
1941,296.74,1381
1942,296.79,975
1943,296.84,1406
1944,296.89,1246
1945,296.94,1030
1946,296.98,1283
1947,297.03,1225
1948,297.08,1609
1949,297.13,1026
1950,297.18,1181
1951,297.23,1375
1952,297.27,1029
1953,297.32,1086
1954,297.37,1401
1955,297.42,1348
1956,297.47,1312
1957,297.52,1270
1958,297.56,1195
1959,297.61,1256
1960,297.66,1084
1961,297.71,1363
1962,297.76,1161
1963,297.8,1059
1964,297.85,1258
1965,297.9,1111
1966,297.95,1002
1967,298.0,1150
1968,298.05,1256
1969,298.09,1220
1970,298.14,1226
1971,298.19,1362
1972,298.24,1097
1973,298.29,1181
1974,298.34,1014
1975,298.38,1088
1976,298.43,1299
1977,298.48,1154
1978,298.53,1031
1979,298.58,1228
1980,298.62,1134
1981,298.67,1471
1982,298.72,1511
1983,298.77,1535
1984,298.82,1256
1985,298.87,1252
1986,298.91,1192
1987,298.96,1461
1988,299.01,1224
1989,299.06,1055
1990,299.11,1314
1991,299.15,1089
1992,299.2,1261
1993,299.25,1165
1994,299.3,1168
1995,299.35,1216
1996,299.4,1153
1997,299.44,962
1998,299.49,1355
1999,299.54,1119
2000,299.59,1150
2001,299.64,1404
2002,299.68,1093
2003,299.73,1003
2004,299.78,1382
2005,299.83,1274
2006,299.88,1054
2007,299.92,1060
2008,299.97,1346
2009,300.02,1334
2010,300.07,1329
2011,300.12,1180
2012,300.16,1042
2013,300.21,1158
2014,300.26,1187
2015,300.31,1364
2016,300.36,1304
2017,300.41,1566
2018,300.45,1197
2019,300.5,1045
2020,300.55,1398
2021,300.6,1137
2022,300.65,1145
2023,300.69,1404
2024,300.74,1379
2025,300.79,1074
2026,300.84,1315
2027,300.89,1016
2028,300.93,900
2029,300.98,1325
2030,301.03,1197
2031,301.08,1215
2032,301.13,1280
2033,301.17,1609
2034,301.22,1397
2035,301.27,1216
2036,301.32,1418
2037,301.37,1269
2038,301.41,1223
2039,301.46,1442
2040,301.51,1224
2041,301.56,1362
2042,301.61,1333
2043,301.65,1287
2044,301.7,1417
2045,301.75,1261
2046,301.8,1263
2047,301.85,1464
2048,301.89,1598
2049,301.94,1232
2050,301.99,1319
2051,302.04,1345
2052,302.09,1344
2053,302.13,1328
2054,302.18,1612
2055,302.23,1455
2056,302.28,1271
2057,302.32,1471
2058,302.37,1290
2059,302.42,1119
2060,302.47,1198
2061,302.52,1303
2062,302.56,1600
2063,302.61,1774
2064,302.66,1278
2065,302.71,1060
2066,302.76,1106
2067,302.8,1111
2068,302.85,1269
2069,302.9,1110
2070,302.95,1450
2071,303.0,992
2072,303.04,1130
2073,303.09,1500
2074,303.14,1145
2075,303.19,988
2076,303.23,1208
2077,303.28,1344
2078,303.33,1102
2079,303.38,1064
2080,303.43,1016
2081,303.47,1119
2082,303.52,1064
2083,303.57,1162
2084,303.62,1286
2085,303.67,1247
2086,303.71,1468
2087,303.76,1271
2088,303.81,889
2089,303.86,1382
2090,303.9,1248
2091,303.95,1515
2092,304.0,1048
2093,304.05,1062
2094,304.1,1337
2095,304.14,1401
2096,304.19,1620
2097,304.24,1401
2098,304.29,1297
2099,304.33,1114
2100,304.38,939
2101,304.43,1307
2102,304.48,1213
2103,304.53,978
2104,304.57,1337
2105,304.62,1193
2106,304.67,1216
2107,304.72,1448
2108,304.76,1075
2109,304.81,1086
2110,304.86,1147
2111,304.91,1245
2112,304.96,1082
2113,305.0,1129
2114,305.05,1091
2115,305.1,1285
2116,305.15,1647
2117,305.19,1038
2118,305.24,863
2119,305.29,1275
2120,305.34,1089
2121,305.39,1321
2122,305.43,1207
2123,305.48,1317
2124,305.53,1058
2125,305.58,902
2126,305.62,935
2127,305.67,1279
2128,305.72,1263
2129,305.77,1062
2130,305.81,1271
2131,305.86,1017
2132,305.91,1034
2133,305.96,1189
2134,306.01,1117
2135,306.05,1741
2136,306.1,919
2137,306.15,968
2138,306.2,1195
2139,306.24,1614
2140,306.29,1051
2141,306.34,1363
2142,306.39,1562
2143,306.43,1545
2144,306.48,1221
2145,306.53,1395
2146,306.58,974
2147,306.62,1118
2148,306.67,1239
2149,306.72,1186
2150,306.77,1292
2151,306.81,1094
2152,306.86,1085
2153,306.91,1213
2154,306.96,1385
2155,307.01,1209
2156,307.05,1301
2157,307.1,1192
2158,307.15,1351
2159,307.2,1198
2160,307.24,1115
2161,307.29,1254
2162,307.34,1102
2163,307.39,1335
2164,307.43,1233
2165,307.48,945
2166,307.53,1179
2167,307.58,1070
2168,307.62,1450
2169,307.67,1144
2170,307.72,981
2171,307.77,1287
2172,307.81,1055
2173,307.86,1006
2174,307.91,1278
2175,307.96,1230
2176,308.0,1350
2177,308.05,1311
2178,308.1,1017
2179,308.15,1226
2180,308.19,1055
2181,308.24,1396
2182,308.29,1310
2183,308.34,1406
2184,308.38,1001
2185,308.43,1307
2186,308.48,1090
2187,308.53,1276
2188,308.57,1233
2189,308.62,1228
2190,308.67,1386
2191,308.72,932
2192,308.76,1170
2193,308.81,1242
2194,308.86,1078
2195,308.91,1008
2196,308.95,1264
2197,309.0,1254
2198,309.05,1309
2199,309.1,926
2200,309.14,886
2201,309.19,983
2202,309.24,1173
2203,309.29,1098
2204,309.33,1077
2205,309.38,1150
2206,309.43,1112
2207,309.48,1146
2208,309.52,1085
2209,309.57,1102
2210,309.62,1387
2211,309.66,1365
2212,309.71,1131
2213,309.76,1258
2214,309.81,1339
2215,309.85,827
2216,309.9,1335
2217,309.95,1241
2218,310.0,1211
2219,310.04,1187
2220,310.09,1180
2221,310.14,1233
2222,310.19,1153
2223,310.23,1125
2224,310.28,1078
2225,310.33,1315
2226,310.38,1415
2227,310.42,1140
2228,310.47,1179
2229,310.52,1156
2230,310.56,1398
2231,310.61,1209
2232,310.66,1380
2233,310.71,1051
2234,310.75,1236
2235,310.8,1558
2236,310.85,1135
2237,310.9,1303
2238,310.94,1480
2239,310.99,1241
2240,311.04,1285
2241,311.09,1231
2242,311.13,1168
2243,311.18,1045
2244,311.23,1195
2245,311.27,1194
2246,311.32,1278
2247,311.37,1609
2248,311.42,1303
2249,311.46,1037
2250,311.51,1285
2251,311.56,976
2252,311.61,1183
2253,311.65,1249
2254,311.7,1197
2255,311.75,1082
2256,311.79,1256
2257,311.84,1097
2258,311.89,1241
2259,311.94,1144
2260,311.98,1259
2261,312.03,1293
2262,312.08,1351
2263,312.12,1228
2264,312.17,1088
2265,312.22,1051
2266,312.27,1049
2267,312.31,1273
2268,312.36,1450
2269,312.41,1089
2270,312.46,1092
2271,312.5,1188
2272,312.55,1253
2273,312.6,1436
2274,312.64,1519
2275,312.69,1159
2276,312.74,1732
2277,312.79,1518
2278,312.83,1136
2279,312.88,1039
2280,312.93,1278
2281,312.97,1279
2282,313.02,1039
2283,313.07,1443
2284,313.12,1454
2285,313.16,1392
2286,313.21,1108
2287,313.26,1095
2288,313.3,1304
2289,313.35,1138
2290,313.4,1048
2291,313.45,1283
2292,313.49,1316
2293,313.54,1245
2294,313.59,1077
2295,313.63,1279
2296,313.68,1350
2297,313.73,937
2298,313.78,1213
2299,313.82,946
2300,313.87,1466
2301,313.92,1340
2302,313.96,1065
2303,314.01,1172
2304,314.06,1589
2305,314.1,1258
2306,314.15,1180
2307,314.2,1240
2308,314.25,1138
2309,314.29,1490
2310,314.34,1009
2311,314.39,1305
2312,314.43,1314
2313,314.48,1500
2314,314.53,995
2315,314.58,1394
2316,314.62,1327
2317,314.67,1316
2318,314.72,1054
2319,314.76,1467
2320,314.81,1143
2321,314.86,1127
2322,314.9,1110
2323,314.95,1418
2324,315.0,1166
2325,315.05,1053
2326,315.09,1160
2327,315.14,1360
2328,315.19,1085
2329,315.23,1062
2330,315.28,1161
2331,315.33,1097
2332,315.37,1040
2333,315.42,1068
2334,315.47,1177
2335,315.51,1246
2336,315.56,995
2337,315.61,1067
2338,315.66,1142
2339,315.7,1144
2340,315.75,1201
2341,315.8,1479
2342,315.84,1150
2343,315.89,1266
2344,315.94,996
2345,315.98,1166
2346,316.03,1028
2347,316.08,1044
2348,316.13,1043
2349,316.17,1269
2350,316.22,1277
2351,316.27,1081
2352,316.31,1004
2353,316.36,1083
2354,316.41,951
2355,316.45,1334
2356,316.5,1077
2357,316.55,1129
2358,316.59,1270
2359,316.64,1237
2360,316.69,1089
2361,316.73,1144
2362,316.78,1175
2363,316.83,1166
2364,316.88,1163
2365,316.92,1548
2366,316.97,1122
2367,317.02,1255
2368,317.06,1283
2369,317.11,1095
2370,317.16,1240
2371,317.2,1402
2372,317.25,1336
2373,317.3,1249
2374,317.34,1120
2375,317.39,1221
2376,317.44,1051
2377,317.48,1257
2378,317.53,1359
2379,317.58,1277
2380,317.62,961
2381,317.67,1191
2382,317.72,1229
2383,317.76,1109
2384,317.81,1067
2385,317.86,1236
2386,317.91,1058
2387,317.95,1016
2388,318.0,997
2389,318.05,1139
2390,318.09,1270
2391,318.14,1106
2392,318.19,1150
2393,318.23,1042
2394,318.28,1174
2395,318.33,1486
2396,318.37,1083
2397,318.42,1238
2398,318.47,1027
2399,318.51,906
2400,318.56,1183
2401,318.61,1073
2402,318.65,973
2403,318.7,1023
2404,318.75,1153
2405,318.79,1191
2406,318.84,1365
2407,318.89,1314
2408,318.93,1154
2409,318.98,1244
2410,319.03,1200
2411,319.07,1166
2412,319.12,1135
2413,319.17,1440
2414,319.21,1096
2415,319.26,1139
2416,319.31,969
2417,319.35,1115
2418,319.4,1288
2419,319.45,1439
2420,319.49,1284
2421,319.54,1278
2422,319.59,1500
2423,319.63,1025
2424,319.68,1134
2425,319.73,1111
2426,319.77,1437
2427,319.82,1377
2428,319.87,1183
2429,319.91,1016
2430,319.96,1312
2431,320.01,966
2432,320.05,1071
2433,320.1,1203
2434,320.15,1110
2435,320.19,1323
2436,320.24,1051
2437,320.29,1307
2438,320.33,912
2439,320.38,1128
2440,320.43,1186
2441,320.47,897
2442,320.52,1402
2443,320.57,1129
2444,320.61,1222
2445,320.66,1282
2446,320.71,1001
2447,320.75,1264
2448,320.8,1209
2449,320.85,976
2450,320.89,1361
2451,320.94,1086
2452,320.98,1064
2453,321.03,1610
2454,321.08,1102
2455,321.12,960
2456,321.17,1157
2457,321.22,1163
2458,321.26,1153
2459,321.31,1086
2460,321.36,1214
2461,321.4,1212
2462,321.45,1248
2463,321.5,1314
2464,321.54,1003
2465,321.59,1064
2466,321.64,1190
2467,321.68,1123
2468,321.73,1401
2469,321.78,1145
2470,321.82,1282
2471,321.87,1122
2472,321.91,1228
2473,321.96,1064
2474,322.01,1161
2475,322.05,1052
2476,322.1,857
2477,322.15,1083
2478,322.19,974
2479,322.24,1374
2480,322.29,1108
2481,322.33,1108
2482,322.38,1068
2483,322.43,1198
2484,322.47,1207
2485,322.52,791
2486,322.57,1406
2487,322.61,1035
2488,322.66,1177
2489,322.7,1167
2490,322.75,1104
2491,322.8,1068
2492,322.84,1304
2493,322.89,1244
2494,322.94,1384
2495,322.98,1265
2496,323.03,1370
2497,323.08,1227
2498,323.12,1464
2499,323.17,1445
2500,323.21,1179
2501,323.26,1428
2502,323.31,910
2503,323.35,1293
2504,323.4,1031
2505,323.45,1381
2506,323.49,1038
2507,323.54,1268
2508,323.59,1193
2509,323.63,1543
2510,323.68,1219
2511,323.72,1254
2512,323.77,1486
2513,323.82,1314
2514,323.86,1422
2515,323.91,1171
2516,323.96,1077
2517,324.0,1286
2518,324.05,1175
2519,324.09,1216
2520,324.14,1192
2521,324.19,844
2522,324.23,1341
2523,324.28,1287
2524,324.33,1382
2525,324.37,1821
2526,324.42,1590
2527,324.47,1836
2528,324.51,1466
2529,324.56,1968
2530,324.6,2541
2531,324.65,2530
2532,324.7,3090
2533,324.74,7528
2534,324.79,10740
2535,324.84,11470
2536,324.88,10529
2537,324.93,6206
2538,324.97,3674
2539,325.02,2627
2540,325.07,1977
2541,325.11,1966
2542,325.16,1627
2543,325.21,1300
2544,325.25,1428
2545,325.3,1264
2546,325.34,1331
2547,325.39,1307
2548,325.44,1388
2549,325.48,1477
2550,325.53,1334
2551,325.57,1197
2552,325.62,1356
2553,325.67,1207
2554,325.71,1363
2555,325.76,1006
2556,325.81,1631
2557,325.85,1111
2558,325.9,1432
2559,325.94,1181
2560,325.99,1305
2561,326.04,1213
2562,326.08,1290
2563,326.13,1091
2564,326.17,1181
2565,326.22,1118
2566,326.27,1215
2567,326.31,1112
2568,326.36,1450
2569,326.41,1044
2570,326.45,1197
2571,326.5,1209
2572,326.54,1304
2573,326.59,1254
2574,326.64,1348
2575,326.68,1230
2576,326.73,1267
2577,326.77,1225
2578,326.82,1157
2579,326.87,1347
2580,326.91,1495
2581,326.96,1373
2582,327.0,1331
2583,327.05,1370
2584,327.1,986
2585,327.14,1209
2586,327.19,1525
2587,327.23,1471
2588,327.28,1325
2589,327.33,2570
2590,327.37,5401
2591,327.42,8464
2592,327.47,10528
2593,327.51,8616
2594,327.56,6413
2595,327.6,3192
2596,327.65,1892
2597,327.7,1825
2598,327.74,1544
2599,327.79,1338
2600,327.83,1442
2601,327.88,1507
2602,327.93,1191
2603,327.97,1499
2604,328.02,1445
2605,328.06,2034
2606,328.11,1226
2607,328.16,1457
2608,328.2,1390
2609,328.25,1518
2610,328.29,1389
2611,328.34,1532
2612,328.38,1275
2613,328.43,1250
2614,328.48,1103
2615,328.52,1326
2616,328.57,1260
2617,328.61,1039
2618,328.66,1073
2619,328.71,1167
2620,328.75,1353
2621,328.8,1313
2622,328.84,1238
2623,328.89,1144
2624,328.94,1096
2625,328.98,1154
2626,329.03,1527
2627,329.07,1522
2628,329.12,1400
2629,329.17,1419
2630,329.21,1289
2631,329.26,1367
2632,329.3,1293
2633,329.35,1257
2634,329.4,1160
2635,329.44,1432
2636,329.49,1370
2637,329.53,1342
2638,329.58,1067
2639,329.62,1003
2640,329.67,1174
2641,329.72,944
2642,329.76,1175
2643,329.81,983
2644,329.85,1136
2645,329.9,1138
2646,329.95,1348
2647,329.99,1187
2648,330.04,1114
2649,330.08,1209
2650,330.13,1271
2651,330.17,1359
2652,330.22,1030
2653,330.27,1120
2654,330.31,1343
2655,330.36,1475
2656,330.4,1206
2657,330.45,1266
2658,330.5,1338
2659,330.54,1005
2660,330.59,1234
2661,330.63,942
2662,330.68,1061
2663,330.72,1116
2664,330.77,1581
2665,330.82,1714
2666,330.86,1693
2667,330.91,1374
2668,330.95,1766
2669,331.0,864
2670,331.04,1253
2671,331.09,1314
2672,331.14,1065
2673,331.18,1190
2674,331.23,1198
2675,331.27,1164
2676,331.32,1501
2677,331.36,1246
2678,331.41,1011
2679,331.46,1202
2680,331.5,1128
2681,331.55,1144
2682,331.59,1033
2683,331.64,1331
2684,331.68,1065
2685,331.73,1089
2686,331.78,1282
2687,331.82,1100
2688,331.87,1328
2689,331.91,1160
2690,331.96,1301
2691,332.0,1502
2692,332.05,1102
2693,332.1,1247
2694,332.14,1288
2695,332.19,916
2696,332.23,1193
2697,332.28,1274
2698,332.32,1322
2699,332.37,1395
2700,332.42,1102
2701,332.46,1476
2702,332.51,1235
2703,332.55,1176
2704,332.6,1378
2705,332.64,1436
2706,332.69,1456
2707,332.73,1227
2708,332.78,1168
2709,332.83,1434
2710,332.87,1348
2711,332.92,1361
2712,332.96,1184
2713,333.01,1465
2714,333.05,1395
2715,333.1,1173
2716,333.14,1323
2717,333.19,1285
2718,333.24,1055
2719,333.28,1241
2720,333.33,1511
2721,333.37,1249
2722,333.42,1345
2723,333.46,1437
2724,333.51,1237
2725,333.55,1473
2726,333.6,1347
2727,333.65,1300
2728,333.69,1517
2729,333.74,1038
2730,333.78,1301
2731,333.83,1677
2732,333.87,1442
2733,333.92,1594
2734,333.96,1115
2735,334.01,1502
2736,334.06,959
2737,334.1,1290
2738,334.15,1439
2739,334.19,1473
2740,334.24,1035
2741,334.28,1249
2742,334.33,1351
2743,334.37,1345
2744,334.42,1481
2745,334.46,1573
2746,334.51,1357
2747,334.56,1247
2748,334.6,1435
2749,334.65,1066
2750,334.69,1637
2751,334.74,1194
2752,334.78,1180
2753,334.83,1375
2754,334.87,1245
2755,334.92,1628
2756,334.96,1087
2757,335.01,1211
2758,335.06,1456
2759,335.1,1094
2760,335.15,1412
2761,335.19,1193
2762,335.24,1328
2763,335.28,1293
2764,335.33,1155
2765,335.37,1361
2766,335.42,1301
2767,335.46,1169
2768,335.51,1513
2769,335.55,1281
2770,335.6,1547
2771,335.65,1420
2772,335.69,1267
2773,335.74,1310
2774,335.78,1107
2775,335.83,1081
2776,335.87,1362
2777,335.92,1315
2778,335.96,1337
2779,336.01,1525
2780,336.05,1453
2781,336.1,1302
2782,336.14,1278
2783,336.19,1074
2784,336.24,1119
2785,336.28,1454
2786,336.33,1135
2787,336.37,1342
2788,336.42,1309
2789,336.46,1277
2790,336.51,1237
2791,336.55,1479
2792,336.6,1343
2793,336.64,1174
2794,336.69,1163
2795,336.73,1414
2796,336.78,1354
2797,336.82,1509
2798,336.87,1073
2799,336.91,1547
2800,336.96,1397
2801,337.0,1224
2802,337.05,1215
2803,337.1,1104
2804,337.14,1094
2805,337.19,1236
2806,337.23,1440
2807,337.28,1131
2808,337.32,1200
2809,337.37,1430
2810,337.41,1206
2811,337.46,1417
2812,337.5,1190
2813,337.55,1161
2814,337.59,1635
2815,337.64,1412
2816,337.68,1113
2817,337.73,1190
2818,337.77,1117
2819,337.82,1029
2820,337.86,962
2821,337.91,1618
2822,337.95,1353
2823,338.0,1382
2824,338.04,1265
2825,338.09,1310
2826,338.14,1203
2827,338.18,1272
2828,338.23,1257
2829,338.27,1526
2830,338.32,1097
2831,338.36,1061
2832,338.41,1096
2833,338.45,1102
2834,338.5,1177
2835,338.54,992
2836,338.59,1139
2837,338.63,1113
2838,338.68,1225
2839,338.72,1198
2840,338.77,1264
2841,338.81,1131
2842,338.86,1157
2843,338.9,1120
2844,338.95,1245
2845,338.99,1039
2846,339.04,1106
2847,339.08,1388
2848,339.13,1376
2849,339.17,1302
2850,339.22,1242
2851,339.26,1286
2852,339.31,1352
2853,339.35,1123
2854,339.4,1071
2855,339.44,1620
2856,339.49,1197
2857,339.53,1119
2858,339.58,1080
2859,339.62,1379
2860,339.67,1292
2861,339.71,1242
2862,339.76,1124
2863,339.8,1009
2864,339.85,870
2865,339.89,915
2866,339.94,1059
2867,339.98,1025
2868,340.03,1147
2869,340.07,1282
2870,340.12,946
2871,340.16,1383
2872,340.21,1131
2873,340.25,1161
2874,340.3,1407
2875,340.34,1002
2876,340.39,1384
2877,340.43,1079
2878,340.48,1351
2879,340.52,1479
2880,340.57,1261
2881,340.61,1297
2882,340.66,990
2883,340.7,1193
2884,340.75,1046
2885,340.79,1162
2886,340.84,1133
2887,340.88,1124
2888,340.93,1235
2889,340.97,1140
2890,341.02,1241
2891,341.06,946
2892,341.11,926
2893,341.15,1399
2894,341.2,1188
2895,341.24,1012
2896,341.29,1149
2897,341.33,1038
2898,341.38,1004
2899,341.42,1071
2900,341.47,964
2901,341.51,1424
2902,341.56,999
2903,341.6,1045
2904,341.65,836
2905,341.69,1231
2906,341.74,934
2907,341.78,1115
2908,341.83,1117
2909,341.87,1329
2910,341.92,1104
2911,341.96,1286
2912,342.0,1348
2913,342.05,994
2914,342.09,1347
2915,342.14,1229
2916,342.18,1211
2917,342.23,1425
2918,342.27,1279
2919,342.32,1053
2920,342.36,1117
2921,342.41,1237
2922,342.45,1043
2923,342.5,1255
2924,342.54,1169
2925,342.59,1334
2926,342.63,917
2927,342.68,1179
2928,342.72,1226
2929,342.77,1096
2930,342.81,1023
2931,342.86,1272
2932,342.9,1046
2933,342.95,1320
2934,342.99,1312
2935,343.04,1009
2936,343.08,1112
2937,343.12,1082
2938,343.17,1152
2939,343.21,1161
2940,343.26,1007
2941,343.3,1189
2942,343.35,1297
2943,343.39,1625
2944,343.44,1475
2945,343.48,1241
2946,343.53,1433
2947,343.57,1314
2948,343.62,1615
2949,343.66,1317
2950,343.71,1313
2951,343.75,1454
2952,343.8,1233
2953,343.84,1281
2954,343.88,1307
2955,343.93,1432
2956,343.97,1153
2957,344.02,1224
2958,344.06,1377
2959,344.11,1033
2960,344.15,1616
2961,344.2,1010
2962,344.24,1220
2963,344.29,1154
2964,344.33,1021
2965,344.38,1297
2966,344.42,1199
2967,344.46,1467
2968,344.51,1265
2969,344.55,1562
2970,344.6,1271
2971,344.64,1395
2972,344.69,1234
2973,344.73,1126
2974,344.78,1321
2975,344.82,1423
2976,344.87,1024
2977,344.91,1346
2978,344.96,1189
2979,345.0,1144
2980,345.04,1128
2981,345.09,1459
2982,345.13,909
2983,345.18,1084
2984,345.22,1236
2985,345.27,1349
2986,345.31,1438
2987,345.36,1130
2988,345.4,1076
2989,345.45,1405
2990,345.49,1205
2991,345.53,1510
2992,345.58,1225
2993,345.62,1317
2994,345.67,1021
2995,345.71,1238
2996,345.76,1095
2997,345.8,1082
2998,345.85,1323
2999,345.89,1492
3000,345.94,1183
3001,345.98,1431
3002,346.02,1255
3003,346.07,1229
3004,346.11,1156
3005,346.16,991
3006,346.2,1110
3007,346.25,1003
3008,346.29,1247
3009,346.34,1053
3010,346.38,1060
3011,346.42,1048
3012,346.47,1034
3013,346.51,1193
3014,346.56,1217
3015,346.6,879
3016,346.65,1066
3017,346.69,1080
3018,346.74,967
3019,346.78,1392
3020,346.82,1104
3021,346.87,1256
3022,346.91,1212
3023,346.96,1171
3024,347.0,1150
3025,347.05,1321
3026,347.09,1206
3027,347.14,955
3028,347.18,1006
3029,347.22,1076
3030,347.27,1101
3031,347.31,1128
3032,347.36,1166
3033,347.4,1156
3034,347.45,1266
3035,347.49,986
3036,347.53,976
3037,347.58,1494
3038,347.62,1054
3039,347.67,1226
3040,347.71,1101
3041,347.76,1117
3042,347.8,1025
3043,347.85,1196
3044,347.89,933
3045,347.93,1008
3046,347.98,1183
3047,348.02,1122
3048,348.07,968
3049,348.11,1394
3050,348.16,1174
3051,348.2,1369
3052,348.24,1183
3053,348.29,1189
3054,348.33,1179
3055,348.38,1342
3056,348.42,1223
3057,348.47,1183
3058,348.51,1269
3059,348.55,1143
3060,348.6,1125
3061,348.64,1233
3062,348.69,998
3063,348.73,1096
3064,348.78,1374
3065,348.82,1330
3066,348.86,1157
3067,348.91,1290
3068,348.95,1322
3069,349.0,1216
3070,349.04,1425
3071,349.08,986
3072,349.13,997
3073,349.17,1322
3074,349.22,1292
3075,349.26,1284
3076,349.31,879
3077,349.35,1094
3078,349.39,999
3079,349.44,1151
3080,349.48,1258
3081,349.53,1031
3082,349.57,1259
3083,349.62,907
3084,349.66,1060
3085,349.7,1062
3086,349.75,1058
3087,349.79,1203
3088,349.84,1200
3089,349.88,1051
3090,349.92,1229
3091,349.97,1550
3092,350.01,1082
3093,350.06,1179
3094,350.1,864
3095,350.15,1240
3096,350.19,979
3097,350.23,1174
3098,350.28,1300
3099,350.32,1245
3100,350.37,1502
3101,350.41,1019
3102,350.45,1097
3103,350.5,1543
3104,350.54,1237
3105,350.59,1274
3106,350.63,1110
3107,350.67,1034
3108,350.72,1236
3109,350.76,1440
3110,350.81,1271
3111,350.85,1130
3112,350.89,1075
3113,350.94,1209
3114,350.98,1080
3115,351.03,1117
3116,351.07,967
3117,351.11,1125
3118,351.16,1053
3119,351.2,1245
3120,351.25,993
3121,351.29,1513
3122,351.34,1217
3123,351.38,1120
3124,351.42,1109
3125,351.47,1118
3126,351.51,955
3127,351.56,1072
3128,351.6,988
3129,351.64,1196
3130,351.69,1211
3131,351.73,1001
3132,351.78,1168
3133,351.82,1457
3134,351.86,1070
3135,351.91,1313
3136,351.95,1239
3137,351.99,1129
3138,352.04,1107
3139,352.08,1214
3140,352.13,1037
3141,352.17,1109
3142,352.21,953
3143,352.26,1063
3144,352.3,1293
3145,352.35,1002
3146,352.39,1225
3147,352.43,1160
3148,352.48,1162
3149,352.52,994
3150,352.57,1467
3151,352.61,1256
3152,352.65,1298
3153,352.7,1426
3154,352.74,1109
3155,352.79,969
3156,352.83,1230
3157,352.87,1050
3158,352.92,1631
3159,352.96,1032
3160,353.0,1015
3161,353.05,1198
3162,353.09,1173
3163,353.14,1049
3164,353.18,1278
3165,353.22,1005
3166,353.27,1349
3167,353.31,868
3168,353.36,967
3169,353.4,1022
3170,353.44,1129
3171,353.49,1212
3172,353.53,1038
3173,353.57,961
3174,353.62,1169
3175,353.66,994
3176,353.71,1112
3177,353.75,876
3178,353.79,1277
3179,353.84,968
3180,353.88,1387
3181,353.93,925
3182,353.97,1044
3183,354.01,1018
3184,354.06,1056
3185,354.1,1121
3186,354.14,1021
3187,354.19,1011
3188,354.23,1213
3189,354.28,1257
3190,354.32,955
3191,354.36,1036
3192,354.41,1056
3193,354.45,1076
3194,354.49,1073
3195,354.54,875
3196,354.58,1128
3197,354.63,1335
3198,354.67,1184
3199,354.71,1042
3200,354.76,1086
3201,354.8,1059
3202,354.84,1134
3203,354.89,851
3204,354.93,1341
3205,354.98,898
3206,355.02,1144
3207,355.06,958
3208,355.11,942
3209,355.15,976
3210,355.19,1157
3211,355.24,1043
3212,355.28,1053
3213,355.32,1038
3214,355.37,1064
3215,355.41,1100
3216,355.46,1020
3217,355.5,1140
3218,355.54,1021
3219,355.59,1093
3220,355.63,978
3221,355.67,1069
3222,355.72,988
3223,355.76,1048
3224,355.8,1077
3225,355.85,1006
3226,355.89,1219
3227,355.94,1039
3228,355.98,1162
3229,356.02,1248
3230,356.07,1109
3231,356.11,1239
3232,356.15,1090
3233,356.2,1150
3234,356.24,1052
3235,356.28,1188
3236,356.33,898
3237,356.37,1270
3238,356.41,823
3239,356.46,1123
3240,356.5,1200
3241,356.55,1038
3242,356.59,1315
3243,356.63,1183
3244,356.68,1160
3245,356.72,1277
3246,356.76,1133
3247,356.81,1033
3248,356.85,862
3249,356.89,1085
3250,356.94,1033
3251,356.98,1024
3252,357.02,1147
3253,357.07,786
3254,357.11,1003
3255,357.15,1004
3256,357.2,1122
3257,357.24,877
3258,357.29,1061
3259,357.33,941
3260,357.37,1158
3261,357.42,922
3262,357.46,1207
3263,357.5,978
3264,357.55,881
3265,357.59,992
3266,357.63,1123
3267,357.68,1113
3268,357.72,1123
3269,357.76,922
3270,357.81,2138
3271,357.85,2147
3272,357.89,2609
3273,357.94,2557
3274,357.98,2203
3275,358.02,1668
3276,358.07,1646
3277,358.11,1192
3278,358.15,1065
3279,358.2,1005
3280,358.24,1252
3281,358.28,1100
3282,358.33,1434
3283,358.37,884
3284,358.41,1367
3285,358.46,1291
3286,358.5,1198
3287,358.54,1208
3288,358.59,1320
3289,358.63,1147
3290,358.67,1062
3291,358.72,1106
3292,358.76,1334
3293,358.8,1167
3294,358.85,1102
3295,358.89,1008
3296,358.93,1257
3297,358.98,1074
3298,359.02,1326
3299,359.06,1356
3300,359.11,1312
3301,359.15,1444
3302,359.19,1273
3303,359.24,1034
3304,359.28,1582
3305,359.32,2239
3306,359.37,2570
3307,359.41,2534
3308,359.45,2631
3309,359.5,2024
3310,359.54,1182
3311,359.58,1182
3312,359.63,1163
3313,359.67,1285
3314,359.71,1180
3315,359.76,1174
3316,359.8,1545
3317,359.84,1141
3318,359.89,1115
3319,359.93,1279
3320,359.97,1375
3321,360.02,1174
3322,360.06,1311
3323,360.1,1225
3324,360.15,1288
3325,360.19,1169
3326,360.23,1239
3327,360.28,1169
3328,360.32,1245
3329,360.36,1131
3330,360.41,1365
3331,360.45,1469
3332,360.49,1705
3333,360.54,2650
3334,360.58,2398
3335,360.62,2376
3336,360.66,2179
3337,360.71,1254
3338,360.75,1293
3339,360.79,886
3340,360.84,1272
3341,360.88,1193
3342,360.92,1215
3343,360.97,1134
3344,361.01,965
3345,361.05,1037
3346,361.1,1331
3347,361.14,961
3348,361.18,1059
3349,361.23,1326
3350,361.27,1301
3351,361.31,1107
3352,361.36,1481
3353,361.4,1075
3354,361.44,1295
3355,361.48,1240
3356,361.53,1394
3357,361.57,982
3358,361.61,1296
3359,361.66,1063
3360,361.7,1188
3361,361.74,1234
3362,361.79,1259
3363,361.83,1003
3364,361.87,1220
3365,361.92,1009
3366,361.96,1233
3367,362.0,1129
3368,362.04,1060
3369,362.09,1083
3370,362.13,1403
3371,362.17,1138
3372,362.22,1377
3373,362.26,927
3374,362.3,1442
3375,362.35,1141
3376,362.39,1429
3377,362.43,1090
3378,362.47,1044
3379,362.52,1002
3380,362.56,1329
3381,362.6,1126
3382,362.65,1355
3383,362.69,1001
3384,362.73,1133
3385,362.78,1112
3386,362.82,1087
3387,362.86,1273
3388,362.9,1271
3389,362.95,1050
3390,362.99,1104
3391,363.03,1101
3392,363.08,1407
3393,363.12,1125
3394,363.16,1279
3395,363.21,1059
3396,363.25,1217
3397,363.29,1491
3398,363.33,1239
3399,363.38,839
3400,363.42,1496
3401,363.46,1492
3402,363.51,1094
3403,363.55,1005
3404,363.59,1560
3405,363.63,1255
3406,363.68,1186
3407,363.72,1188
3408,363.76,1315
3409,363.81,1019
3410,363.85,1558
3411,363.89,1190
3412,363.93,1356
3413,363.98,1177
3414,364.02,1036
3415,364.06,1282
3416,364.11,1399
3417,364.15,1191
3418,364.19,1469
3419,364.23,1163
3420,364.28,1025
3421,364.32,1317
3422,364.36,1082
3423,364.41,988
3424,364.45,1228
3425,364.49,1002
3426,364.53,1377
3427,364.58,1138
3428,364.62,1302
3429,364.66,1071
3430,364.71,973
3431,364.75,1410
3432,364.79,1011
3433,364.83,950
3434,364.88,1106
3435,364.92,1240
3436,364.96,1359
3437,365.0,1053
3438,365.05,1295
3439,365.09,1296
3440,365.13,1174
3441,365.18,863
3442,365.22,1319
3443,365.26,1095
3444,365.3,1188
3445,365.35,1054
3446,365.39,1064
3447,365.43,1083
3448,365.47,1300
3449,365.52,1497
3450,365.56,1573
3451,365.6,1061
3452,365.65,1662
3453,365.69,979
3454,365.73,1177
3455,365.77,1232
3456,365.82,1121
3457,365.86,1008
3458,365.9,928
3459,365.94,1224
3460,365.99,1286
3461,366.03,1296
3462,366.07,1074
3463,366.12,1119
3464,366.16,1202
3465,366.2,1246
3466,366.24,994
3467,366.29,1142
3468,366.33,1162
3469,366.37,984
3470,366.41,1255
3471,366.46,1114
3472,366.5,1883
3473,366.54,1306
3474,366.58,1306
3475,366.63,1117
3476,366.67,1125
3477,366.71,981
3478,366.75,1455
3479,366.8,1006
3480,366.84,1253
3481,366.88,1310
3482,366.92,1139
3483,366.97,1019
3484,367.01,1427
3485,367.05,1130
3486,367.1,979
3487,367.14,987
3488,367.18,1032
3489,367.22,1063
3490,367.27,1377
3491,367.31,969
3492,367.35,872
3493,367.39,911
3494,367.44,1434
3495,367.48,1186
3496,367.52,1285
3497,367.56,1253
3498,367.61,1302
3499,367.65,1152
3500,367.69,1131
3501,367.73,1080
3502,367.78,1049
3503,367.82,1102
3504,367.86,1140
3505,367.9,1081
3506,367.95,1200
3507,367.99,902
3508,368.03,865
3509,368.07,1387
3510,368.12,1347
3511,368.16,1207
3512,368.2,1019
3513,368.24,1610
3514,368.29,1098
3515,368.33,1377
3516,368.37,1330
3517,368.41,1473
3518,368.46,1559
3519,368.5,1564
3520,368.54,1297
3521,368.58,1230
3522,368.62,1131
3523,368.67,1105
3524,368.71,1688
3525,368.75,1394
3526,368.79,1553
3527,368.84,1279
3528,368.88,1147
3529,368.92,1353
3530,368.96,1185
3531,369.01,1264
3532,369.05,1316
3533,369.09,1009
3534,369.13,1289
3535,369.18,1002
3536,369.22,984
3537,369.26,1005
3538,369.3,1469
3539,369.35,1440
3540,369.39,1319
3541,369.43,1281
3542,369.47,1229
3543,369.51,1246
3544,369.56,1258
3545,369.6,1051
3546,369.64,1587
3547,369.68,1374
3548,369.73,1193
3549,369.77,1044
3550,369.81,1084
3551,369.85,1263
3552,369.9,1059
3553,369.94,1092
3554,369.98,1472
3555,370.02,1279
3556,370.06,952
3557,370.11,1177
3558,370.15,1228
3559,370.19,1275
3560,370.23,1458
3561,370.28,971
3562,370.32,1223
3563,370.36,1139
3564,370.4,1060
3565,370.44,934
3566,370.49,1094
3567,370.53,1149
3568,370.57,1236
3569,370.61,991
3570,370.66,1099
3571,370.7,884
3572,370.74,1155
3573,370.78,1205
3574,370.82,1042
3575,370.87,1087
3576,370.91,1250
3577,370.95,1335
3578,370.99,1109
3579,371.04,834
3580,371.08,1230
3581,371.12,1244
3582,371.16,1190
3583,371.2,1136
3584,371.25,1385
3585,371.29,1354
3586,371.33,1390
3587,371.37,1162
3588,371.42,852
3589,371.46,1014
3590,371.5,1227
3591,371.54,1106
3592,371.58,887
3593,371.63,1219
3594,371.67,1105
3595,371.71,1021
3596,371.75,1355
3597,371.79,767
3598,371.84,1242
3599,371.88,1042
3600,371.92,1535
3601,371.96,1023
3602,372.0,1516
3603,372.05,918
3604,372.09,1045
3605,372.13,1009
3606,372.17,1196
3607,372.22,1015
3608,372.26,1151
3609,372.3,1032
3610,372.34,987
3611,372.38,983
3612,372.43,1160
3613,372.47,1173
3614,372.51,1092
3615,372.55,1127
3616,372.59,1002
3617,372.64,1277
3618,372.68,981
3619,372.72,965
3620,372.76,1286
3621,372.8,1290
3622,372.85,1221
3623,372.89,966
3624,372.93,1131
3625,372.97,978
3626,373.01,1003
3627,373.06,1074
3628,373.1,927
3629,373.14,1265
3630,373.18,1039
3631,373.22,1147
3632,373.27,881
3633,373.31,1071
3634,373.35,885
3635,373.39,1221
3636,373.43,1190
3637,373.48,1100
3638,373.52,1254
3639,373.56,1118
3640,373.6,1123
3641,373.64,1188
3642,373.68,1034
3643,373.73,1356
3644,373.77,1065
3645,373.81,935
3646,373.85,812
3647,373.89,1048
