Wavelength (nm),Sum,Fe I (4.4e-02),Fe II (9.5e-01),Fe III (2.2e-03)
200.1,1.830e+3,,1.830e+3,3.013e-4
200.3,2.053e+3,,2.053e+3,3.013e-4
200.6,2.345e+3,,2.345e+3,2.595e-4
200.8,2.514e+3,,2.514e+3,2.128e-4
201.1,2.711e+3,,2.711e+3,1.372e-4
201.3,2.781e+3,,2.781e+3,9.566e-5
201.6,2.755e+3,,2.755e+3,6.328e-5
201.8,2.647e+3,,2.647e+3,7.263e-5
202.1,2.387e+3,,2.387e+3,1.682e-4
202.3,2.196e+3,,2.196e+3,3.235e-4
202.6,1.968e+3,,1.968e+3,7.854e-4
202.8,1.891e+3,,1.891e+3,1.300e-3
203.1,1.894e+3,,1.894e+3,2.418e-3
203.3,1.950e+3,,1.950e+3,3.363e-3
203.6,2.052e+3,,2.052e+3,4.983e-3
203.8,2.095e+3,,2.095e+3,6.217e-3
204.1,2.090e+3,,2.090e+3,8.752e-3
204.3,2.040e+3,,2.040e+3,1.151e-2
204.6,1.916e+3,,1.916e+3,1.874e-2
204.8,1.817e+3,,1.817e+3,2.637e-2
205.1,1.665e+3,,1.665e+3,4.202e-2
205.3,1.570e+3,,1.570e+3,5.405e-2
205.6,1.448e+3,,1.448e+3,7.038e-2
205.8,1.386e+3,,1.386e+3,7.730e-2
206.1,1.328e+3,,1.328e+3,7.829e-2
206.3,1.307e+3,,1.307e+3,7.247e-2
206.6,1.278e+3,,1.278e+3,5.711e-2
206.8,1.247e+3,1.339e-14,1.247e+3,4.555e-2
207.1,1.177e+3,3.629e-13,1.177e+3,3.184e-2
207.3,1.121e+3,3.000e-12,1.121e+3,2.781e-2
207.6,1.043e+3,6.246e-11,1.043e+3,3.249e-2
207.8,1.007e+3,4.330e-10,1.007e+3,4.355e-2
208.1,9.777e+2,6.924e-9,9.777e+2,7.149e-2
208.3,9.693e+2,4.025e-8,9.692e+2,9.597e-2
208.6,9.533e+2,4.944e-7,9.532e+2,1.360e-1
208.8,9.295e+2,2.410e-6,9.294e+2,1.608e-1
209.1,8.654e+2,2.274e-5,8.652e+2,1.886e-1
209.3,8.073e+2,9.299e-5,8.071e+2,1.982e-1
209.6,7.170e+2,6.740e-4,7.168e+2,1.982e-1
209.8,6.692e+2,2.312e-3,6.690e+2,1.895e-1
210.1,6.357e+2,1.288e-2,6.355e+2,1.669e-1
210.3,6.422e+2,3.707e-2,6.420e+2,1.477e-1
210.6,6.833e+2,1.588e-1,6.830e+2,1.160e-1
210.8,7.174e+2,3.837e-1,7.169e+2,9.462e-2
211.1,7.517e+2,1.265e+0,7.503e+2,6.481e-2
211.3,7.530e+2,2.569e+0,7.504e+2,4.764e-2
211.6,7.210e+2,6.536e+0,7.145e+2,2.732e-2
211.8,6.849e+2,1.118e+1,6.737e+2,1.760e-2
212.1,6.293e+2,2.207e+1,6.073e+2,8.141e-3
212.3,6.023e+2,3.197e+1,5.703e+2,4.505e-3
212.6,5.844e+2,4.950e+1,5.349e+2,1.642e-3
212.8,5.850e+2,6.143e+1,5.236e+2,7.709e-4
213.1,5.933e+2,7.658e+1,5.168e+2,2.185e-4
213.3,5.986e+2,8.349e+1,5.151e+2,8.652e-5
213.6,6.075e+2,8.863e+1,5.189e+2,1.894e-5
213.8,6.217e+2,8.957e+1,5.321e+2,6.304e-6
214.1,6.736e+2,9.110e+1,5.825e+2,1.062e-6
214.3,7.383e+2,9.597e+1,6.424e+2,2.965e-7
214.6,8.925e+2,1.201e+2,7.724e+2,3.833e-8
214.8,1.040e+3,1.580e+2,8.818e+2,8.970e-9
215.1,1.344e+3,2.735e+2,1.071e+3,8.890e-10
215.3,1.614e+3,4.063e+2,1.208e+3,1.742e-10
215.6,2.125e+3,7.070e+2,1.418e+3,1.322e-11
215.8,2.519e+3,9.680e+2,1.551e+3,2.168e-12
216.1,3.105e+3,1.394e+3,1.711e+3,1.259e-13
216.3,3.423e+3,1.646e+3,1.777e+3,1.727e-14
216.6,3.673e+3,1.872e+3,1.801e+3,7.672e-16
216.8,3.651e+3,1.882e+3,1.769e+3,8.799e-17
217.1,3.347e+3,1.686e+3,1.661e+3,2.910e-18
217.3,3.017e+3,1.456e+3,1.561e+3,
217.6,2.457e+3,1.075e+3,1.382e+3,
217.8,2.117e+3,8.615e+2,1.255e+3,
218.1,1.746e+3,6.749e+2,1.071e+3,
218.3,1.616e+3,6.523e+2,9.636e+2,
218.6,1.590e+3,7.458e+2,8.446e+2,
218.8,1.660e+3,8.594e+2,8.006e+2,
219.1,1.836e+3,1.036e+3,8.006e+2,
219.3,1.972e+3,1.118e+3,8.538e+2,
219.6,2.181e+3,1.147e+3,1.034e+3,
219.8,2.327e+3,1.094e+3,1.233e+3,
220.1,2.587e+3,9.250e+2,1.662e+3,
220.3,2.809e+3,7.749e+2,2.035e+3,
220.6,3.239e+3,5.384e+2,2.701e+3,
220.8,3.585e+3,3.953e+2,3.189e+3,
221.1,4.139e+3,2.251e+2,3.914e+3,
221.3,4.481e+3,1.450e+2,4.336e+3,
221.6,4.849e+3,6.917e+1,4.780e+3,
221.8,4.947e+3,4.124e+1,4.906e+3,
222.1,4.841e+3,2.070e+1,4.821e+3,
222.3,4.625e+3,1.526e+1,4.609e+3,
222.6,4.182e+3,1.244e+1,4.169e+3,
222.8,3.886e+3,1.180e+1,3.874e+3,
223.1,3.572e+3,1.089e+1,3.561e+3,
223.3,3.508e+3,1.016e+1,3.498e+3,
223.6,3.697e+3,9.531e+0,3.687e+3,
223.8,4.027e+3,1.007e+1,4.017e+3,
224.1,4.806e+3,1.358e+1,4.792e+3,
224.3,5.463e+3,1.839e+1,5.445e+3,
224.6,6.509e+3,3.026e+1,6.478e+3,
224.8,7.135e+3,4.150e+1,7.094e+3,
225.1,7.791e+3,6.299e+1,7.728e+3,
225.3,7.969e+3,7.962e+1,7.889e+3,
225.6,7.817e+3,1.060e+2,7.711e+3,
225.8,7.469e+3,1.232e+2,7.346e+3,
226.1,6.690e+3,1.474e+2,6.543e+3,
226.3,6.073e+3,1.627e+2,5.911e+3,
226.6,5.123e+3,1.857e+2,4.938e+3,
226.8,4.531e+3,2.023e+2,4.328e+3,
227.1,3.771e+3,2.303e+2,3.541e+3,
227.3,3.372e+3,2.512e+2,3.120e+3,
227.6,2.927e+3,2.857e+2,2.641e+3,
227.8,2.712e+3,3.117e+2,2.400e+3,
228.1,2.467e+3,3.589e+2,2.108e+3,
228.3,2.335e+3,3.991e+2,1.936e+3,
228.6,2.176e+3,4.770e+2,1.699e+3,
228.8,2.102e+3,5.407e+2,1.561e+3,
229.1,2.050e+3,6.453e+2,1.405e+3,
229.3,2.053e+3,7.107e+2,1.342e+3,
229.6,2.095e+3,7.798e+2,1.316e+3,
229.8,2.137e+3,7.956e+2,1.341e+3,
230.1,2.220e+3,7.672e+2,1.452e+3,
230.3,2.313e+3,7.184e+2,1.595e+3,
230.6,2.616e+3,6.201e+2,1.996e+3,
230.8,3.038e+3,5.511e+2,2.487e+3,
231.1,4.300e+3,4.588e+2,3.841e+3,
231.3,5.806e+3,4.084e+2,5.397e+3,
231.6,9.574e+3,3.462e+2,9.227e+3,
231.8,1.340e+4,3.093e+2,1.309e+4,
232.1,2.152e+4,2.539e+2,2.127e+4,
232.3,2.863e+4,2.154e+2,2.841e+4,
232.6,4.171e+4,1.572e+2,4.155e+4,
232.8,5.179e+4,1.208e+2,5.167e+4,
233.1,6.825e+4,7.444e+1,6.818e+4,
233.3,7.957e+4,5.071e+1,7.952e+4,
233.6,9.577e+4,2.615e+1,9.575e+4,
233.8,1.051e+5,1.614e+1,1.051e+5,
234.1,1.152e+5,8.084e+0,1.152e+5,
234.3,1.184e+5,5.869e+0,1.184e+5,
234.6,1.176e+5,5.377e+0,1.176e+5,
234.8,1.138e+5,6.287e+0,1.138e+5,
235.1,1.051e+5,9.166e+0,1.051e+5,
235.3,9.881e+4,1.229e+1,9.880e+4,
235.6,9.076e+4,1.963e+1,9.074e+4,
235.8,8.717e+4,2.692e+1,8.714e+4,
236.1,8.533e+4,4.226e+1,8.529e+4,
236.3,8.687e+4,5.533e+1,8.681e+4,
236.6,9.427e+4,7.773e+1,9.419e+4,
236.8,1.032e+5,9.284e+1,1.031e+5,
237.1,1.231e+5,1.122e+2,1.230e+5,
237.3,1.402e+5,1.211e+2,1.400e+5,
237.6,1.684e+5,1.266e+2,1.683e+5,
237.8,1.866e+5,1.252e+2,1.865e+5,
238.1,2.088e+5,1.172e+2,2.087e+5,
238.3,2.185e+5,1.093e+2,2.184e+5,
238.6,2.257e+5,9.519e+1,2.256e+5,
238.8,2.266e+5,8.503e+1,2.265e+5,
239.1,2.253e+5,6.917e+1,2.253e+5,
239.3,2.239e+5,5.842e+1,2.239e+5,
239.6,2.217e+5,4.273e+1,2.216e+5,
239.8,2.195e+5,3.311e+1,2.195e+5,
240.1,2.135e+5,2.091e+1,2.135e+5,
240.3,2.066e+5,1.461e+1,2.066e+5,
240.6,1.910e+5,8.154e+0,1.910e+5,
240.8,1.770e+5,5.830e+0,1.770e+5,
241.1,1.516e+5,5.599e+0,1.516e+5,
241.3,1.330e+5,8.380e+0,1.330e+5,
241.6,1.052e+5,2.030e+1,1.052e+5,
241.8,8.831e+4,3.709e+1,8.827e+4,
242.1,6.745e+4,8.546e+1,6.737e+4,
242.3,5.711e+4,1.406e+2,5.697e+4,
242.6,4.675e+4,2.703e+2,4.648e+4,
242.8,4.267e+4,3.924e+2,4.228e+4,
243.1,3.937e+4,6.251e+2,3.874e+4,
243.3,3.825e+4,8.017e+2,3.745e+4,
243.6,3.721e+4,1.066e+3,3.614e+4,
243.8,3.658e+4,1.219e+3,3.536e+4,
244.1,3.545e+4,1.385e+3,3.406e+4,
244.3,3.457e+4,1.452e+3,3.312e+4,
244.6,3.326e+4,1.509e+3,3.176e+4,
244.8,3.257e+4,1.548e+3,3.102e+4,
245.1,3.211e+4,1.665e+3,3.044e+4,
245.3,3.231e+4,1.814e+3,3.050e+4,
245.6,3.338e+4,2.183e+3,3.120e+4,
245.8,3.447e+4,2.549e+3,3.192e+4,
246.1,3.630e+4,3.327e+3,3.298e+4,
246.3,3.749e+4,4.047e+3,3.345e+4,
246.6,3.916e+4,5.550e+3,3.361e+4,
246.8,4.035e+4,6.915e+3,3.344e+4,
247.1,4.273e+4,9.613e+3,3.312e+4,
247.3,4.503e+4,1.184e+4,3.319e+4,
247.6,4.988e+4,1.566e+4,3.422e+4,
247.8,5.401e+4,1.828e+4,3.572e+4,
248.1,6.101e+4,2.180e+4,3.921e+4,
248.3,6.565e+4,2.349e+4,4.216e+4,
248.6,7.136e+4,2.456e+4,4.681e+4,
248.8,7.367e+4,2.414e+4,4.953e+4,
249.1,7.409e+4,2.193e+4,5.216e+4,
249.3,7.222e+4,1.965e+4,5.257e+4,
249.6,6.661e+4,1.564e+4,5.096e+4,
249.8,6.159e+4,1.297e+4,4.862e+4,
250.1,5.343e+4,9.507e+3,4.393e+4,
250.3,4.835e+4,7.765e+3,4.058e+4,
250.6,4.231e+4,6.133e+3,3.618e+4,
250.8,3.976e+4,5.675e+3,3.409e+4,
251.1,3.849e+4,5.781e+3,3.271e+4,
251.3,3.936e+4,6.257e+3,3.310e+4,
251.6,4.299e+4,7.331e+3,3.565e+4,
251.8,4.669e+4,8.136e+3,3.855e+4,
252.1,5.354e+4,9.224e+3,4.431e+4,
252.3,5.852e+4,9.747e+3,4.877e+4,
252.6,6.582e+4,1.011e+4,5.572e+4,
252.8,7.012e+4,1.005e+4,6.007e+4,
253.1,7.501e+4,9.602e+3,6.541e+4,
253.3,7.693e+4,9.136e+3,6.780e+4,
253.6,7.746e+4,8.313e+3,6.915e+4,
253.8,7.621e+4,7.728e+3,6.848e+4,
254.1,7.220e+4,6.820e+3,6.538e+4,
254.3,6.847e+4,6.185e+3,6.229e+4,
254.6,6.219e+4,5.173e+3,5.701e+4,
254.8,5.813e+4,4.466e+3,5.367e+4,
255.1,5.312e+4,3.403e+3,4.972e+4,
255.3,5.080e+4,2.732e+3,4.807e+4,
255.6,4.887e+4,1.851e+3,4.702e+4,
255.8,4.835e+4,1.374e+3,4.698e+4,
256.1,4.806e+4,8.425e+2,4.721e+4,
256.3,4.783e+4,6.037e+2,4.722e+4,
256.6,4.725e+4,3.901e+2,4.686e+4,
256.8,4.695e+4,3.229e+2,4.663e+4,
257.1,4.754e+4,2.993e+2,4.724e+4,
257.3,4.933e+4,3.170e+2,4.902e+4,
257.6,5.533e+4,3.680e+2,5.497e+4,
257.8,6.209e+4,4.062e+2,6.169e+4,
258.1,7.694e+4,4.542e+2,7.648e+4,
258.3,9.003e+4,4.740e+2,8.956e+4,
258.6,1.140e+5,4.824e+2,1.135e+5,
258.8,1.322e+5,4.759e+2,1.317e+5,
259.1,1.606e+5,4.569e+2,1.601e+5,
259.3,1.785e+5,4.445e+2,1.781e+5,
259.6,2.008e+5,4.348e+2,2.004e+5,
259.8,2.109e+5,4.363e+2,2.104e+5,
260.1,2.171e+5,4.482e+2,2.167e+5,
260.3,2.155e+5,4.589e+2,2.150e+5,
260.6,2.058e+5,4.718e+2,2.053e+5,
260.8,1.960e+5,4.754e+2,1.956e+5,
261.1,1.794e+5,4.720e+2,1.789e+5,
261.3,1.683e+5,4.651e+2,1.679e+5,
261.6,1.536e+5,4.520e+2,1.531e+5,
261.8,1.454e+5,4.436e+2,1.449e+5,
262.1,1.354e+5,4.339e+2,1.350e+5,
262.3,1.297e+5,4.297e+2,1.293e+5,
262.6,1.212e+5,4.259e+2,1.208e+5,
262.8,1.145e+5,4.241e+2,1.140e+5,
263.1,1.017e+5,4.201e+2,1.013e+5,
263.3,9.121e+4,4.154e+2,9.079e+4,
263.6,7.332e+4,4.031e+2,7.292e+4,
263.8,6.086e+4,3.905e+2,6.047e+4,
264.1,4.316e+4,3.649e+2,4.279e+4,
264.3,3.292e+4,3.442e+2,3.258e+4,
264.6,2.085e+4,3.110e+2,2.054e+4,
264.8,1.511e+4,2.901e+2,1.482e+4,
265.1,9.620e+3,2.649e+2,9.355e+3,
265.3,7.645e+3,2.543e+2,7.391e+3,
265.6,6.428e+3,2.496e+2,6.178e+3,
265.8,6.347e+3,2.538e+2,6.093e+3,
266.1,6.706e+3,2.688e+2,6.438e+3,
266.3,7.000e+3,2.829e+2,6.717e+3,
266.6,7.234e+3,3.068e+2,6.927e+3,
266.8,7.182e+3,3.228e+2,6.859e+3,
267.1,6.818e+3,3.444e+2,6.473e+3,
267.3,6.460e+3,3.563e+2,6.104e+3,
267.6,5.921e+3,3.690e+2,5.552e+3,
267.8,5.646e+3,3.738e+2,5.273e+3,
268.1,5.450e+3,3.762e+2,5.074e+3,
268.3,5.473e+3,3.759e+2,5.097e+3,
268.6,5.710e+3,3.779e+2,5.332e+3,
268.8,5.979e+3,3.856e+2,5.594e+3,
269.1,6.534e+3,4.197e+2,6.114e+3,
269.3,7.023e+3,4.679e+2,6.555e+3,
269.6,8.010e+3,6.019e+2,7.408e+3,
269.8,8.889e+3,7.488e+2,8.140e+3,
270.1,1.061e+4,1.085e+3,9.527e+3,
270.3,1.204e+4,1.399e+3,1.064e+4,
270.6,1.455e+4,2.013e+3,1.254e+4,
270.8,1.641e+4,2.505e+3,1.390e+4,
271.1,1.937e+4,3.313e+3,1.606e+4,
271.3,2.146e+4,3.850e+3,1.761e+4,
271.6,2.493e+4,4.551e+3,2.038e+4,
271.8,2.770e+4,4.896e+3,2.280e+4,
272.1,3.319e+4,5.173e+3,2.802e+4,
272.3,3.824e+4,5.194e+3,3.304e+4,
272.6,4.878e+4,5.021e+3,4.376e+4,
272.8,5.823e+4,4.812e+3,5.342e+4,
273.1,7.630e+4,4.435e+3,7.186e+4,
273.3,9.071e+4,4.177e+3,8.654e+4,
273.6,1.146e+5,3.810e+3,1.108e+5,
273.8,1.309e+5,3.581e+3,1.273e+5,
274.1,1.530e+5,3.251e+3,1.498e+5,
274.3,1.646e+5,3.032e+3,1.616e+5,
274.6,1.749e+5,2.700e+3,1.722e+5,
274.8,1.761e+5,2.478e+3,1.737e+5,
275.1,1.691e+5,2.154e+3,1.670e+5,
275.3,1.591e+5,1.951e+3,1.572e+5,
275.6,1.382e+5,1.676e+3,1.365e+5,
275.8,1.217e+5,1.516e+3,1.202e+5,
276.1,9.617e+4,1.313e+3,9.486e+4,
276.3,7.991e+4,1.203e+3,7.871e+4,
276.6,5.842e+4,1.076e+3,5.734e+4,
276.8,4.656e+4,1.018e+3,4.554e+4,
277.1,3.271e+4,9.710e+2,3.174e+4,
277.3,2.589e+4,9.669e+2,2.493e+4,
277.6,1.863e+4,9.979e+2,1.763e+4,
277.8,1.531e+4,1.038e+3,1.427e+4,
278.1,1.187e+4,1.111e+3,1.076e+4,
278.3,1.025e+4,1.157e+3,9.093e+3,
278.6,8.397e+3,1.202e+3,7.195e+3,
278.8,7.387e+3,1.209e+3,6.178e+3,
279.1,6.065e+3,1.180e+3,4.885e+3,
279.3,5.284e+3,1.141e+3,4.143e+3,
279.6,4.260e+3,1.066e+3,3.195e+3,
279.8,3.686e+3,1.016e+3,2.670e+3,
280.1,2.997e+3,9.577e+2,2.040e+3,
280.3,2.652e+3,9.326e+2,1.720e+3,
280.6,2.292e+3,9.137e+2,1.378e+3,
280.8,2.146e+3,9.087e+2,1.238e+3,
281.1,2.057e+3,9.029e+2,1.154e+3,
281.3,2.080e+3,8.957e+2,1.184e+3,
281.6,2.241e+3,8.773e+2,1.363e+3,
281.8,2.436e+3,8.609e+2,1.575e+3,
282.1,2.862e+3,8.349e+2,2.028e+3,
282.3,3.228e+3,8.195e+2,2.408e+3,
282.6,3.865e+3,8.031e+2,3.062e+3,
282.8,4.320e+3,7.972e+2,3.523e+3,
283.1,4.985e+3,7.945e+2,4.191e+3,
283.3,5.377e+3,7.950e+2,4.582e+3,
283.6,5.835e+3,7.950e+2,5.039e+3,
283.8,6.030e+3,7.918e+2,5.239e+3,
284.1,6.149e+3,7.773e+2,5.372e+3,
284.3,6.119e+3,7.590e+2,5.360e+3,
284.6,5.940e+3,7.160e+2,5.224e+3,
284.8,5.752e+3,6.771e+2,5.075e+3,
285.1,5.411e+3,6.059e+2,4.805e+3,
285.3,5.164e+3,5.530e+2,4.611e+3,
285.6,4.795e+3,4.721e+2,4.322e+3,
285.8,4.565e+3,4.210e+2,4.144e+3,
286.1,4.267e+3,3.536e+2,3.914e+3,
286.3,4.108e+3,3.165e+2,3.791e+3,
286.6,3.931e+3,2.731e+2,3.657e+3,
286.8,3.848e+3,2.515e+2,3.597e+3,
287.1,3.758e+3,2.279e+2,3.530e+3,
287.3,3.702e+3,2.169e+2,3.485e+3,
287.6,3.595e+3,2.067e+2,3.389e+3,
287.8,3.496e+3,2.041e+2,3.292e+3,
288.1,3.294e+3,2.071e+2,3.087e+3,
288.3,3.125e+3,2.141e+2,2.911e+3,
288.6,2.834e+3,2.319e+2,2.602e+3,
288.8,2.625e+3,2.481e+2,2.377e+3,
289.1,2.309e+3,2.772e+2,2.032e+3,
289.3,2.108e+3,2.986e+2,1.809e+3,
289.6,1.833e+3,3.328e+2,1.501e+3,
289.8,1.676e+3,3.571e+2,1.319e+3,
290.1,1.490e+3,3.975e+2,1.093e+3,
290.3,1.407e+3,4.288e+2,9.784e+2,
290.6,1.355e+3,4.854e+2,8.699e+2,
290.8,1.375e+3,5.309e+2,8.440e+2,
291.1,1.489e+3,6.106e+2,8.788e+2,
291.3,1.620e+3,6.701e+2,9.495e+2,
291.6,1.880e+3,7.641e+2,1.116e+3,
291.8,2.083e+3,8.263e+2,1.257e+3,
292.1,2.404e+3,9.132e+2,1.491e+3,
292.3,2.615e+3,9.643e+2,1.650e+3,
292.6,2.911e+3,1.029e+3,1.882e+3,
292.8,3.096e+3,1.065e+3,2.031e+3,
293.1,3.370e+3,1.112e+3,2.258e+3,
293.3,3.564e+3,1.143e+3,2.421e+3,
293.6,3.890e+3,1.193e+3,2.697e+3,
293.8,4.135e+3,1.234e+3,2.901e+3,
294.1,4.534e+3,1.310e+3,3.224e+3,
294.3,4.804e+3,1.374e+3,3.430e+3,
294.6,5.180e+3,1.491e+3,3.689e+3,
294.8,5.392e+3,1.585e+3,3.807e+3,
295.1,5.636e+3,1.752e+3,3.884e+3,
295.3,5.749e+3,1.878e+3,3.871e+3,
295.6,5.868e+3,2.088e+3,3.780e+3,
295.8,5.933e+3,2.235e+3,3.698e+3,
296.1,6.050e+3,2.453e+3,3.597e+3,
296.3,6.161e+3,2.585e+3,3.576e+3,
296.6,6.404e+3,2.745e+3,3.658e+3,
296.8,6.624e+3,2.818e+3,3.806e+3,
297.1,7.040e+3,2.867e+3,4.173e+3,
297.3,7.361e+3,2.862e+3,4.499e+3,
297.6,7.865e+3,2.814e+3,5.052e+3,
297.8,8.181e+3,2.766e+3,5.415e+3,
298.1,8.553e+3,2.693e+3,5.860e+3,
298.3,8.695e+3,2.656e+3,6.039e+3,
298.6,8.707e+3,2.632e+3,6.075e+3,
298.8,8.576e+3,2.639e+3,5.937e+3,
299.1,8.201e+3,2.686e+3,5.515e+3,
299.3,7.868e+3,2.741e+3,5.126e+3,
299.6,7.316e+3,2.860e+3,4.456e+3,
299.8,6.956e+3,2.966e+3,3.990e+3,
300.1,6.491e+3,3.178e+3,3.313e+3,
300.3,6.253e+3,3.362e+3,2.890e+3,
300.6,6.022e+3,3.713e+3,2.309e+3,
300.8,5.951e+3,3.994e+3,1.957e+3,
301.1,5.943e+3,4.461e+3,1.483e+3,
301.3,5.977e+3,4.774e+3,1.203e+3,
301.6,6.025e+3,5.180e+3,8.458e+2,
301.8,6.017e+3,5.367e+3,6.504e+2,
302.1,5.888e+3,5.465e+3,4.228e+2,
302.3,5.703e+3,5.391e+3,3.123e+2,
302.6,5.277e+3,5.077e+3,2.002e+2,
302.8,4.914e+3,4.759e+3,1.547e+2,
303.1,4.307e+3,4.188e+3,1.190e+2,
303.3,3.900e+3,3.790e+3,1.109e+2,
303.6,3.348e+3,3.234e+3,1.145e+2,
303.8,3.044e+3,2.920e+3,1.243e+2,
304.1,2.705e+3,2.558e+3,1.469e+2,
304.3,2.555e+3,2.389e+3,1.664e+2,
304.6,2.426e+3,2.225e+3,2.016e+2,
304.8,2.388e+3,2.159e+3,2.288e+2,
305.1,2.370e+3,2.095e+3,2.748e+2,
305.3,2.368e+3,2.060e+3,3.082e+2,
305.6,2.356e+3,1.995e+3,3.610e+2,
305.8,2.333e+3,1.937e+3,3.967e+2,
306.1,2.268e+3,1.819e+3,4.490e+2,
306.3,2.203e+3,1.721e+3,4.815e+2,
306.6,2.077e+3,1.553e+3,5.238e+2,
306.8,1.979e+3,1.433e+3,5.459e+2,
307.1,1.819e+3,1.253e+3,5.664e+2,
307.3,1.708e+3,1.139e+3,5.697e+2,
307.6,1.543e+3,9.861e+2,5.568e+2,
307.8,1.437e+3,9.008e+2,5.361e+2,
308.1,1.290e+3,8.014e+2,4.887e+2,
308.3,1.204e+3,7.545e+2,4.490e+2,
308.6,1.095e+3,7.114e+2,3.838e+2,
308.9,1.015e+3,6.943e+2,3.204e+2,
309.1,9.754e+2,6.920e+2,2.834e+2,
309.4,9.324e+2,6.926e+2,2.398e+2,
309.6,9.095e+2,6.898e+2,2.197e+2,
309.9,8.747e+2,6.725e+2,2.022e+2,
310.1,8.468e+2,6.494e+2,1.974e+2,
310.4,7.936e+2,5.969e+2,1.966e+2,
310.6,7.505e+2,5.522e+2,1.983e+2,
310.9,6.781e+2,4.770e+2,2.010e+2,
311.1,6.280e+2,4.262e+2,2.018e+2,
311.4,5.571e+2,3.563e+2,2.008e+2,
311.6,5.159e+2,3.169e+2,1.990e+2,
311.9,4.676e+2,2.714e+2,1.963e+2,
312.1,4.458e+2,2.502e+2,1.956e+2,
312.4,4.292e+2,2.307e+2,1.984e+2,
312.6,4.288e+2,2.248e+2,2.040e+2,
312.9,4.437e+2,2.244e+2,2.193e+2,
313.1,4.638e+2,2.288e+2,2.350e+2,
313.4,5.093e+2,2.417e+2,2.676e+2,
313.6,5.498e+2,2.539e+2,2.959e+2,
313.9,6.259e+2,2.775e+2,3.484e+2,1.238e-24
314.1,6.860e+2,2.962e+2,3.898e+2,5.644e-23
314.4,7.876e+2,3.276e+2,4.600e+2,5.214e-22
314.6,8.602e+2,3.498e+2,5.103e+2,2.210e-21
314.9,9.705e+2,3.832e+2,5.873e+2,1.822e-20
315.1,1.041e+3,4.042e+2,6.371e+2,7.160e-20
315.4,1.138e+3,4.321e+2,7.061e+2,5.268e-19
315.6,1.195e+3,4.478e+2,7.473e+2,1.919e-18
315.9,1.269e+3,4.673e+2,8.022e+2,1.260e-17
316.1,1.314e+3,4.785e+2,8.356e+2,4.253e-17
316.4,1.380e+3,4.949e+2,8.849e+2,2.492e-16
316.6,1.427e+3,5.074e+2,9.196e+2,7.797e-16
316.9,1.509e+3,5.318e+2,9.777e+2,4.077e-15
317.1,1.574e+3,5.531e+2,1.021e+3,1.182e-14
317.4,1.688e+3,5.938e+2,1.094e+3,5.515e-14
317.6,1.772e+3,6.271e+2,1.145e+3,1.482e-13
317.9,1.905e+3,6.854e+2,1.220e+3,6.170e-13
318.1,1.995e+3,7.292e+2,1.266e+3,1.537e-12
318.4,2.124e+3,8.010e+2,1.323e+3,5.708e-12
318.6,2.202e+3,8.525e+2,1.350e+3,1.318e-11
318.9,2.307e+3,9.351e+2,1.372e+3,4.367e-11
319.1,2.371e+3,9.946e+2,1.376e+3,9.343e-11
319.4,2.464e+3,1.093e+3,1.371e+3,2.762e-10
319.6,2.531e+3,1.167e+3,1.364e+3,5.477e-10
319.9,2.653e+3,1.293e+3,1.360e+3,1.444e-9
320.1,2.756e+3,1.391e+3,1.365e+3,2.654e-9
320.4,2.948e+3,1.556e+3,1.392e+3,6.246e-9
320.6,3.101e+3,1.678e+3,1.424e+3,1.064e-8
320.9,3.361e+3,1.869e+3,1.491e+3,2.233e-8
321.1,3.542e+3,1.995e+3,1.547e+3,3.524e-8
321.4,3.803e+3,2.166e+3,1.637e+3,6.599e-8
321.6,3.954e+3,2.257e+3,1.697e+3,9.651e-8
321.9,4.116e+3,2.342e+3,1.774e+3,1.612e-7
322.1,4.168e+3,2.359e+3,1.809e+3,2.185e-7
322.4,4.143e+3,2.316e+3,1.827e+3,3.256e-7
322.6,4.054e+3,2.244e+3,1.810e+3,4.090e-7
322.9,3.816e+3,2.080e+3,1.736e+3,5.438e-7
323.1,3.598e+3,1.941e+3,1.657e+3,6.329e-7
323.4,3.208e+3,1.708e+3,1.500e+3,7.506e-7
323.6,2.926e+3,1.546e+3,1.380e+3,8.095e-7
323.9,2.503e+3,1.312e+3,1.192e+3,8.565e-7
324.1,2.239e+3,1.167e+3,1.071e+3,8.560e-7
324.4,1.891e+3,9.782e+2,9.123e+2,8.080e-7
324.6,1.697e+3,8.718e+2,8.250e+2,7.486e-7
324.9,1.466e+3,7.417e+2,7.239e+2,6.309e-7
325.1,1.347e+3,6.730e+2,6.745e+2,5.424e-7
325.4,1.214e+3,5.933e+2,6.204e+2,4.098e-7
325.6,1.147e+3,5.534e+2,5.931e+2,3.289e-7
325.9,1.069e+3,5.103e+2,5.584e+2,2.278e-7
326.1,1.028e+3,4.912e+2,5.364e+2,1.764e-7
326.4,9.778e+2,4.751e+2,5.027e+2,1.241e-7
326.6,9.515e+2,4.721e+2,4.794e+2,1.045e-7
326.9,9.218e+2,4.779e+2,4.439e+2,9.465e-8
327.1,9.086e+2,4.880e+2,4.206e+2,9.842e-8
327.4,8.977e+2,5.110e+2,3.867e+2,1.149e-7
327.6,8.954e+2,5.306e+2,3.649e+2,1.304e-7
327.9,8.967e+2,5.639e+2,3.328e+2,1.560e-7
328.1,8.989e+2,5.874e+2,3.115e+2,1.723e-7
328.4,9.013e+2,6.221e+2,2.792e+2,1.927e-7
328.6,9.012e+2,6.438e+2,2.574e+2,2.023e-7
328.9,8.972e+2,6.726e+2,2.247e+2,2.100e-7
329.1,8.921e+2,6.889e+2,2.032e+2,2.111e-7
329.4,8.809e+2,7.085e+2,1.725e+2,2.083e-7
329.6,8.712e+2,7.178e+2,1.534e+2,2.049e-7
329.9,8.526e+2,7.252e+2,1.274e+2,2.002e-7
330.1,8.368e+2,7.248e+2,1.121e+2,1.987e-7
330.4,8.064e+2,7.140e+2,9.245e+1,2.009e-7
330.6,7.807e+2,6.991e+2,8.160e+1,2.060e-7
330.9,7.331e+2,6.645e+2,6.859e+1,2.195e-7
331.1,6.957e+2,6.337e+2,6.191e+1,2.323e-7
331.4,6.326e+2,5.782e+2,5.443e+1,2.563e-7
331.6,5.877e+2,5.369e+2,5.075e+1,2.749e-7
331.9,5.192e+2,4.727e+2,4.643e+1,3.053e-7
332.1,4.746e+2,4.307e+2,4.393e+1,3.264e-7
332.4,4.121e+2,3.720e+2,4.014e+1,3.580e-7
332.6,3.743e+2,3.370e+2,3.735e+1,3.784e-7
332.9,3.242e+2,2.916e+2,3.263e+1,4.072e-7
333.1,2.954e+2,2.663e+2,2.919e+1,4.253e-7
333.4,2.589e+2,2.350e+2,2.388e+1,4.513e-7
333.6,2.388e+2,2.183e+2,2.047e+1,4.689e-7
333.9,2.146e+2,1.987e+2,1.590e+1,4.974e-7
334.1,2.023e+2,1.890e+2,1.339e+1,5.189e-7
334.4,1.895e+2,1.789e+2,1.060e+1,5.554e-7
334.6,1.846e+2,1.752e+2,9.405e+0,5.821e-7
334.9,1.827e+2,1.741e+2,8.532e+0,6.224e-7
335.1,1.849e+2,1.764e+2,8.467e+0,6.465e-7
335.4,1.933e+2,1.844e+2,8.928e+0,6.723e-7
335.6,2.020e+2,1.925e+2,9.475e+0,6.791e-7
335.9,2.189e+2,2.085e+2,1.044e+1,6.690e-7
336.1,2.321e+2,2.210e+2,1.108e+1,6.475e-7
336.4,2.536e+2,2.416e+2,1.191e+1,5.942e-7
336.6,2.682e+2,2.558e+2,1.235e+1,5.467e-7
336.9,2.897e+2,2.769e+2,1.283e+1,4.633e-7
337.1,3.036e+2,2.905e+2,1.307e+1,4.036e-7
337.4,3.243e+2,3.109e+2,1.336e+1,3.146e-7
337.6,3.389e+2,3.254e+2,1.357e+1,2.591e-7
337.9,3.647e+2,3.508e+2,1.394e+1,1.854e-7
338.1,3.862e+2,3.720e+2,1.426e+1,1.441e-7
338.4,4.279e+2,4.131e+2,1.482e+1,9.443e-8
338.6,4.633e+2,4.481e+2,1.521e+1,6.917e-8
338.9,5.289e+2,5.131e+2,1.576e+1,4.144e-8
339.1,5.806e+2,5.645e+2,1.605e+1,2.856e-8
339.4,6.678e+2,6.515e+2,1.628e+1,1.560e-8
339.6,7.300e+2,7.137e+2,1.629e+1,1.010e-8
339.9,8.246e+2,8.085e+2,1.610e+1,5.018e-9
340.1,8.856e+2,8.697e+2,1.586e+1,3.047e-9
340.4,9.693e+2,9.538e+2,1.544e+1,1.373e-9
340.6,1.018e+3,1.003e+3,1.518e+1,7.809e-10
340.9,1.081e+3,1.066e+3,1.495e+1,3.186e-10
341.1,1.116e+3,1.101e+3,1.495e+1,1.695e-10
341.4,1.163e+3,1.148e+3,1.522e+1,6.250e-11
341.6,1.193e+3,1.177e+3,1.558e+1,3.107e-11
341.9,1.240e+3,1.224e+3,1.637e+1,1.034e-11
342.1,1.275e+3,1.258e+3,1.702e+1,4.801e-12
342.4,1.335e+3,1.317e+3,1.811e+1,1.441e-12
342.6,1.379e+3,1.361e+3,1.888e+1,6.243e-13
342.9,1.449e+3,1.429e+3,2.002e+1,1.689e-13
343.1,1.492e+3,1.472e+3,2.077e+1,6.825e-14
343.4,1.546e+3,1.524e+3,2.187e+1,1.663e-14
343.6,1.568e+3,1.545e+3,2.263e+1,6.267e-15
343.9,1.571e+3,1.547e+3,2.387e+1,1.375e-15
344.1,1.551e+3,1.526e+3,2.486e+1,4.831e-16
344.4,1.485e+3,1.459e+3,2.669e+1,9.542e-17
344.6,1.421e+3,1.393e+3,2.822e+1,3.125e-17
344.9,1.304e+3,1.273e+3,3.103e+1,5.554e-18
345.1,1.218e+3,1.185e+3,3.325e+1,1.695e-18
345.4,1.092e+3,1.055e+3,3.700e+1,2.712e-19
345.6,1.016e+3,9.767e+2,3.968e+1,7.714e-20
345.9,9.247e+2,8.809e+2,4.377e+1,1.110e-20
346.1,8.802e+2,8.338e+2,4.642e+1,2.937e-21
346.4,8.382e+2,7.880e+2,5.014e+1,3.804e-22
346.6,8.242e+2,7.717e+2,5.245e+1,9.400e-23
346.9,8.179e+2,7.621e+2,5.578e+1,
347.1,8.195e+2,7.615e+2,5.805e+1,
347.4,8.246e+2,7.627e+2,6.183e+1,
347.6,8.270e+2,7.623e+2,6.475e+1,
347.9,8.266e+2,7.568e+2,6.984e+1,
348.1,8.230e+2,7.494e+2,7.362e+1,
348.4,8.123e+2,7.329e+2,7.942e+1,
348.6,8.021e+2,7.191e+2,8.297e+1,
348.9,7.830e+2,6.960e+2,8.699e+1,
349.1,7.684e+2,6.801e+2,8.832e+1,
349.4,7.458e+2,6.582e+2,8.765e+1,
349.6,7.319e+2,6.466e+2,8.527e+1,
349.9,7.165e+2,6.376e+2,7.889e+1,
350.1,7.128e+2,6.397e+2,7.305e+1,
350.4,7.224e+2,6.597e+2,6.270e+1,
350.6,7.418e+2,6.865e+2,5.526e+1,
350.9,7.943e+2,7.501e+2,4.417e+1,
351.1,8.461e+2,8.088e+2,3.725e+1,
351.4,9.487e+2,9.206e+2,2.808e+1,
351.6,1.032e+3,1.009e+3,2.292e+1,
351.9,1.175e+3,1.158e+3,1.666e+1,
352.1,1.278e+3,1.265e+3,1.338e+1,
352.4,1.439e+3,1.429e+3,9.617e+0,
352.6,1.546e+3,1.538e+3,7.721e+0,
352.9,1.703e+3,1.697e+3,5.566e+0,
353.1,1.804e+3,1.799e+3,4.475e+0,
353.4,1.952e+3,1.949e+3,3.211e+0,
353.6,2.051e+3,2.048e+3,2.555e+0,
353.9,2.208e+3,2.206e+3,1.782e+0,
354.1,2.325e+3,2.324e+3,1.379e+0,
354.4,2.530e+3,2.529e+3,9.133e-1,
354.6,2.693e+3,2.692e+3,6.788e-1,
354.9,2.986e+3,2.985e+3,4.196e-1,
355.1,3.217e+3,3.217e+3,2.969e-1,
355.4,3.620e+3,3.620e+3,1.697e-1,
355.6,3.923e+3,3.923e+3,1.138e-1,
355.9,4.417e+3,4.417e+3,6.023e-2,
356.1,4.764e+3,4.763e+3,3.883e-2,
356.4,5.285e+3,5.285e+3,2.109e-2,
356.6,5.616e+3,5.616e+3,1.634e-2,
356.9,6.058e+3,6.058e+3,1.833e-2,
357.1,6.296e+3,6.296e+3,2.670e-2,
357.4,6.539e+3,6.539e+3,5.523e-2,
357.6,6.611e+3,6.611e+3,9.103e-2,
357.9,6.574e+3,6.574e+3,1.872e-1,
358.1,6.453e+3,6.453e+3,2.950e-1,
358.4,6.149e+3,6.149e+3,5.596e-1,
358.6,5.884e+3,5.883e+3,8.335e-1,
358.9,5.436e+3,5.435e+3,1.453e+0,
359.1,5.133e+3,5.131e+3,2.045e+0,
359.4,4.718e+3,4.715e+3,3.275e+0,
359.6,4.489e+3,4.485e+3,4.361e+0,
359.9,4.239e+3,4.232e+3,6.424e+0,
360.1,4.137e+3,4.129e+3,8.091e+0,
360.4,4.071e+3,4.060e+3,1.097e+1,
360.6,4.072e+3,4.058e+3,1.308e+1,
360.9,4.112e+3,4.095e+3,1.634e+1,
361.1,4.147e+3,4.129e+3,1.844e+1,
361.4,4.187e+3,4.166e+3,2.123e+1,
361.6,4.193e+3,4.170e+3,2.271e+1,
361.9,4.161e+3,4.137e+3,2.412e+1,
362.1,4.109e+3,4.085e+3,2.446e+1,
362.4,3.989e+3,3.965e+3,2.400e+1,
362.6,3.885e+3,3.862e+3,2.309e+1,
362.9,3.702e+3,3.681e+3,2.098e+1,
363.1,3.567e+3,3.547e+3,1.920e+1,
363.4,3.353e+3,3.337e+3,1.623e+1,
363.6,3.207e+3,3.192e+3,1.419e+1,
363.9,2.985e+3,2.973e+3,1.130e+1,
364.1,2.836e+3,2.826e+3,9.569e+0,
364.4,2.611e+3,2.604e+3,7.388e+0,
364.6,2.460e+3,2.454e+3,6.234e+0,
364.9,2.232e+3,2.227e+3,4.937e+0,
365.1,2.080e+3,2.076e+3,4.331e+0,
365.4,1.859e+3,1.856e+3,3.723e+0,
365.6,1.721e+3,1.718e+3,3.465e+0,
365.9,1.536e+3,1.533e+3,3.207e+0,
366.1,1.433e+3,1.430e+3,3.075e+0,
366.4,1.317e+3,1.314e+3,2.881e+0,
366.6,1.268e+3,1.265e+3,2.731e+0,
366.9,1.239e+3,1.236e+3,2.461e+0,
367.1,1.246e+3,1.244e+3,2.250e+0,
367.4,1.292e+3,1.290e+3,1.902e+0,
367.6,1.340e+3,1.339e+3,1.661e+0,
367.9,1.429e+3,1.427e+3,1.309e+0,
368.1,1.493e+3,1.492e+3,1.092e+0,
368.4,1.590e+3,1.589e+3,8.092e-1,
368.6,1.652e+3,1.651e+3,6.545e-1,
368.9,1.741e+3,1.740e+3,4.769e-1,
369.1,1.799e+3,1.798e+3,3.938e-1,
369.4,1.890e+3,1.889e+3,3.169e-1,
369.6,1.958e+3,1.958e+3,2.933e-1,
369.9,2.083e+3,2.083e+3,2.920e-1,
370.1,2.188e+3,2.187e+3,3.106e-1,
370.4,2.387e+3,2.387e+3,3.656e-1,
370.6,2.554e+3,2.554e+3,4.226e-1,
370.9,2.863e+3,2.862e+3,5.505e-1,
371.1,3.111e+3,3.110e+3,6.773e-1,
371.4,3.546e+3,3.545e+3,9.646e-1,
371.6,3.876e+3,3.874e+3,1.249e+0,
371.9,4.421e+3,4.419e+3,1.873e+0,
372.1,4.810e+3,4.807e+3,2.458e+0,
372.4,5.409e+3,5.405e+3,3.656e+0,
372.6,5.804e+3,5.799e+3,4.697e+0,
372.9,6.362e+3,6.356e+3,6.647e+0,
373.1,6.694e+3,6.686e+3,8.198e+0,
373.4,7.106e+3,7.095e+3,1.084e+1,
373.6,7.310e+3,7.297e+3,1.274e+1,
373.9,7.496e+3,7.480e+3,1.563e+1,
374.1,7.535e+3,7.518e+3,1.746e+1,
374.4,7.469e+3,7.450e+3,1.987e+1,
374.6,7.347e+3,7.326e+3,2.111e+1,
374.9,7.057e+3,7.035e+3,2.229e+1,
375.1,6.802e+3,6.780e+3,2.254e+1,
375.4,6.346e+3,6.324e+3,2.211e+1,
375.6,6.002e+3,5.980e+3,2.130e+1,
375.9,5.443e+3,5.424e+3,1.944e+1,
376.1,5.053e+3,5.035e+3,1.786e+1,
376.4,4.457e+3,4.441e+3,1.519e+1,
376.6,4.063e+3,4.050e+3,1.331e+1,
376.9,3.497e+3,3.487e+3,1.056e+1,
377.1,3.147e+3,3.138e+3,8.842e+0,
377.4,2.679e+3,2.672e+3,6.558e+0,
377.6,2.414e+3,2.409e+3,5.267e+0,
377.9,2.100e+3,2.096e+3,3.705e+0,
378.1,1.950e+3,1.947e+3,2.911e+0,
378.4,1.819e+3,1.817e+3,2.070e+0,
378.6,1.795e+3,1.793e+3,1.720e+0,
378.9,1.851e+3,1.849e+3,1.474e+0,
379.1,1.948e+3,1.946e+3,1.473e+0,
379.4,2.179e+3,2.177e+3,1.677e+0,
379.6,2.387e+3,2.385e+3,1.930e+0,
379.9,2.773e+3,2.771e+3,2.448e+0,
380.1,3.075e+3,3.072e+3,2.861e+0,
380.4,3.580e+3,3.577e+3,3.540e+0,
380.6,3.942e+3,3.938e+3,4.003e+0,
380.9,4.496e+3,4.491e+3,4.662e+0,
381.1,4.856e+3,4.851e+3,5.048e+0,
381.4,5.349e+3,5.344e+3,5.502e+0,
381.6,5.628e+3,5.622e+3,5.701e+0,
381.9,5.941e+3,5.935e+3,5.820e+0,
382.1,6.067e+3,6.062e+3,5.775e+0,
382.4,6.122e+3,6.116e+3,5.529e+0,
382.6,6.067e+3,6.062e+3,5.259e+0,
382.9,5.861e+3,5.857e+3,4.725e+0,
383.1,5.652e+3,5.648e+3,4.307e+0,
383.4,5.258e+3,5.255e+3,3.631e+0,
383.6,4.959e+3,4.956e+3,3.170e+0,
383.9,4.486e+3,4.483e+3,2.503e+0,
384.1,4.169e+3,4.167e+3,2.091e+0,
384.4,3.713e+3,3.711e+3,1.544e+0,
384.6,3.431e+3,3.430e+3,1.232e+0,
384.9,3.052e+3,3.051e+3,8.485e-1,
385.1,2.830e+3,2.830e+3,6.468e-1,
385.4,2.545e+3,2.545e+3,4.171e-1,
385.6,2.385e+3,2.385e+3,3.064e-1,
385.9,2.186e+3,2.186e+3,1.933e-1,
386.1,2.077e+3,2.077e+3,1.477e-1,
386.4,1.943e+3,1.943e+3,1.176e-1,
386.6,1.872e+3,1.871e+3,1.214e-1,
386.9,1.786e+3,1.785e+3,1.644e-1,
387.1,1.740e+3,1.740e+3,2.214e-1,
387.4,1.685e+3,1.685e+3,3.589e-1,
387.6,1.655e+3,1.655e+3,4.926e-1,
387.9,1.616e+3,1.616e+3,7.700e-1,
388.1,1.592e+3,1.591e+3,1.013e+0,
388.4,1.552e+3,1.551e+3,1.474e+0,
388.6,1.523e+3,1.521e+3,1.845e+0,
388.9,1.471e+3,1.469e+3,2.488e+0,7.418e-23
389.1,1.431e+3,1.428e+3,2.964e+0,2.402e-22
389.4,1.363e+3,1.359e+3,3.714e+0,1.349e-21
389.6,1.312e+3,1.308e+3,4.216e+0,4.156e-21
389.9,1.231e+3,1.226e+3,4.931e+0,2.165e-20
390.1,1.176e+3,1.171e+3,5.359e+0,6.347e-20
390.4,1.094e+3,1.088e+3,5.899e+0,3.069e-19
390.6,1.041e+3,1.035e+3,6.185e+0,8.559e-19
390.9,9.690e+2,9.625e+2,6.510e+0,3.841e-18
391.1,9.260e+2,9.193e+2,6.672e+0,1.019e-17
391.4,8.700e+2,8.631e+2,6.874e+0,4.244e-17
391.6,8.385e+2,8.315e+2,7.006e+0,1.071e-16
391.9,7.990e+2,7.917e+2,7.240e+0,4.141e-16
392.1,7.772e+2,7.698e+2,7.432e+0,9.947e-16
392.4,7.500e+2,7.422e+2,7.777e+0,3.567e-15
392.6,7.348e+2,7.268e+2,8.029e+0,8.153e-15
392.9,7.157e+2,7.074e+2,8.393e+0,2.714e-14
393.1,7.054e+2,6.968e+2,8.590e+0,5.900e-14
393.4,6.938e+2,6.850e+2,8.751e+0,1.823e-13
393.6,6.889e+2,6.802e+2,8.736e+0,3.770e-13
393.9,6.865e+2,6.780e+2,8.491e+0,1.081e-12
394.1,6.883e+2,6.802e+2,8.174e+0,2.127e-12
394.4,6.960e+2,6.885e+2,7.486e+0,5.659e-12
394.6,7.039e+2,6.970e+2,6.911e+0,1.060e-11
394.9,7.182e+2,7.123e+2,5.934e+0,2.616e-11
395.1,7.283e+2,7.231e+2,5.248e+0,4.662e-11
395.4,7.417e+2,7.374e+2,4.235e+0,1.068e-10
395.6,7.480e+2,7.443e+2,3.604e+0,1.811e-10
395.9,7.512e+2,7.484e+2,2.767e+0,3.850e-10
396.1,7.481e+2,7.458e+2,2.296e+0,6.209e-10
396.4,7.346e+2,7.328e+2,1.727e+0,1.225e-9
396.6,7.195e+2,7.180e+2,1.434e+0,1.880e-9
396.9,6.884e+2,6.873e+2,1.109e+0,3.443e-9
397.1,6.631e+2,6.621e+2,9.541e-1,5.026e-9
397.4,6.205e+2,6.197e+2,7.913e-1,8.542e-9
397.6,5.907e+2,5.900e+2,7.162e-1,1.186e-8
397.9,5.473e+2,5.466e+2,6.359e-1,1.871e-8
398.1,5.208e+2,5.202e+2,5.968e-1,2.473e-8
398.4,4.871e+2,4.866e+2,5.529e-1,3.620e-8
398.6,4.697e+2,4.692e+2,5.324e-1,4.552e-8
398.9,4.516e+2,4.511e+2,5.173e-1,6.183e-8
399.1,4.446e+2,4.441e+2,5.212e-1,7.398e-8
399.4,4.405e+2,4.399e+2,5.556e-1,9.328e-8
399.6,4.409e+2,4.403e+2,6.027e-1,1.062e-7
399.9,4.442e+2,4.435e+2,7.171e-1,1.243e-7
400.1,4.473e+2,4.465e+2,8.258e-1,1.348e-7
400.4,4.523e+2,4.513e+2,1.039e+0,1.466e-7
400.6,4.561e+2,4.549e+2,1.212e+0,1.513e-7
400.9,4.637e+2,4.622e+2,1.508e+0,1.532e-7
401.1,4.717e+2,4.700e+2,1.720e+0,1.509e-7
401.4,4.920e+2,4.899e+2,2.038e+0,1.428e-7
401.6,5.137e+2,5.114e+2,2.236e+0,1.348e-7
401.9,5.632e+2,5.607e+2,2.485e+0,1.205e-7
402.1,6.101e+2,6.075e+2,2.605e+0,1.101e-7
402.4,7.045e+2,7.018e+2,2.699e+0,9.503e-8
402.6,7.842e+2,7.815e+2,2.699e+0,8.589e-8
402.9,9.281e+2,9.255e+2,2.603e+0,7.442e-8
403.1,1.038e+3,1.036e+3,2.482e+0,6.851e-8
403.4,1.218e+3,1.216e+3,2.230e+0,6.219e-8
403.6,1.344e+3,1.342e+3,2.030e+0,5.948e-8
403.9,1.532e+3,1.530e+3,1.706e+0,5.702e-8
404.1,1.651e+3,1.649e+3,1.489e+0,5.605e-8
404.4,1.813e+3,1.811e+3,1.182e+0,5.492e-8
404.6,1.905e+3,1.904e+3,9.994e-1,5.405e-8
404.9,2.016e+3,2.015e+3,7.670e-1,5.226e-8
405.1,2.070e+3,2.069e+3,6.422e-1,5.067e-8
405.4,2.120e+3,2.120e+3,4.988e-1,4.779e-8
405.6,2.133e+3,2.133e+3,4.295e-1,4.569e-8
405.9,2.123e+3,2.123e+3,3.583e-1,4.261e-8
406.1,2.097e+3,2.097e+3,3.282e-1,4.080e-8
406.4,2.030e+3,2.030e+3,3.018e-1,3.873e-8
406.6,1.967e+3,1.967e+3,2.931e-1,3.788e-8
406.9,1.848e+3,1.847e+3,2.884e-1,3.740e-8
407.1,1.752e+3,1.752e+3,2.888e-1,3.756e-8
407.4,1.589e+3,1.589e+3,2.926e-1,3.826e-8
407.6,1.470e+3,1.470e+3,2.968e-1,3.889e-8
407.9,1.283e+3,1.283e+3,3.062e-1,3.974e-8
408.1,1.158e+3,1.157e+3,3.159e-1,4.010e-8
408.4,9.746e+2,9.742e+2,3.393e-1,4.008e-8
408.6,8.606e+2,8.602e+2,3.642e-1,3.961e-8
408.9,7.076e+2,7.072e+2,4.228e-1,3.819e-8
409.1,6.202e+2,6.197e+2,4.811e-1,3.676e-8
409.4,5.136e+2,5.130e+2,6.075e-1,3.399e-8
409.6,4.594e+2,4.587e+2,7.233e-1,3.179e-8
409.9,4.027e+2,4.018e+2,9.522e-1,2.812e-8
410.1,3.802e+2,3.791e+2,1.144e+0,2.551e-8
410.4,3.667e+2,3.652e+2,1.492e+0,2.154e-8
410.6,3.692e+2,3.675e+2,1.759e+0,1.894e-8
410.9,3.871e+2,3.849e+2,2.200e+0,1.522e-8
411.1,4.063e+2,4.038e+2,2.508e+0,1.293e-8
411.4,4.432e+2,4.403e+2,2.964e+0,9.849e-9
411.6,4.715e+2,4.683e+2,3.249e+0,8.065e-9
411.9,5.172e+2,5.135e+2,3.618e+0,5.804e-9
412.1,5.484e+2,5.446e+2,3.815e+0,4.570e-9
412.4,5.946e+2,5.906e+2,4.027e+0,3.095e-9
412.6,6.240e+2,6.198e+2,4.118e+0,2.338e-9
412.9,6.641e+2,6.599e+2,4.213e+0,1.486e-9
413.1,6.874e+2,6.832e+2,4.280e+0,1.075e-9
413.4,7.158e+2,7.113e+2,4.469e+0,6.393e-10
413.6,7.295e+2,7.248e+2,4.717e+0,4.422e-10
413.9,7.415e+2,7.361e+2,5.396e+0,2.459e-10
414.1,7.434e+2,7.373e+2,6.137e+0,1.625e-10
414.4,7.371e+2,7.293e+2,7.820e+0,8.433e-11
414.6,7.273e+2,7.179e+2,9.399e+0,5.321e-11
414.9,7.053e+2,6.927e+2,1.255e+1,2.576e-11
415.1,6.870e+2,6.718e+2,1.519e+1,1.551e-11
415.4,6.567e+2,6.368e+2,1.994e+1,6.997e-12
415.6,6.364e+2,6.128e+2,2.356e+1,4.020e-12
415.9,6.088e+2,5.793e+2,2.947e+1,1.690e-12
416.1,5.941e+2,5.606e+2,3.355e+1,9.261e-13
416.4,5.805e+2,5.410e+2,3.950e+1,3.626e-13
416.6,5.781e+2,5.350e+2,4.311e+1,1.895e-13
416.9,5.862e+2,5.386e+2,4.760e+1,6.910e-14
417.1,5.995e+2,5.498e+2,4.974e+1,3.444e-14
417.4,6.308e+2,5.794e+2,5.143e+1,1.169e-14
417.6,6.584e+2,6.069e+2,5.146e+1,5.558e-15
417.9,7.073e+2,6.575e+2,4.985e+1,1.757e-15
418.1,7.432e+2,6.955e+2,4.778e+1,7.963e-16
418.4,7.986e+2,7.551e+2,4.347e+1,2.344e-16
418.6,8.344e+2,7.943e+2,4.003e+1,1.013e-16
418.9,8.830e+2,8.485e+2,3.449e+1,2.776e-17
419.1,9.104e+2,8.795e+2,3.083e+1,1.144e-17
419.4,9.420e+2,9.161e+2,2.587e+1,2.919e-18
419.6,9.562e+2,9.330e+2,2.316e+1,1.147e-18
419.9,9.674e+2,9.470e+2,2.037e+1,2.724e-19
420.1,9.689e+2,9.494e+2,1.952e+1,1.020e-19
420.4,9.647e+2,9.447e+2,1.995e+1,2.256e-20
420.6,9.590e+2,9.376e+2,2.144e+1,8.058e-21
420.9,9.494e+2,9.239e+2,2.548e+1,1.659e-21
421.1,9.438e+2,9.145e+2,2.929e+1,5.650e-22
421.4,9.388e+2,9.023e+2,3.646e+1,1.083e-22
421.6,9.385e+2,8.965e+2,4.197e+1,3.517e-23
421.9,9.429e+2,8.921e+2,5.084e+1,6.277e-24
422.1,9.489e+2,8.921e+2,5.680e+1,1.943e-24
422.4,9.615e+2,8.964e+2,6.513e+1,
422.6,9.715e+2,9.016e+2,6.990e+1,
422.9,9.876e+2,9.124e+2,7.527e+1,
423.1,9.987e+2,9.213e+2,7.738e+1,
423.4,1.015e+3,9.369e+2,7.809e+1,
423.6,1.026e+3,9.490e+2,7.688e+1,
423.9,1.043e+3,9.698e+2,7.273e+1,
424.1,1.054e+3,9.856e+2,6.861e+1,
424.4,1.073e+3,1.012e+3,6.094e+1,
424.6,1.087e+3,1.032e+3,5.518e+1,
424.9,1.110e+3,1.064e+3,4.619e+1,
425.1,1.125e+3,1.085e+3,4.029e+1,
425.4,1.148e+3,1.116e+3,3.204e+1,
425.6,1.161e+3,1.134e+3,2.713e+1,
425.9,1.175e+3,1.154e+3,2.087e+1,
426.1,1.180e+3,1.162e+3,1.746e+1,
426.4,1.177e+3,1.164e+3,1.350e+1,
426.6,1.168e+3,1.156e+3,1.156e+1,
426.9,1.143e+3,1.133e+3,9.599e+0,
427.1,1.120e+3,1.111e+3,8.835e+0,
427.4,1.076e+3,1.068e+3,8.371e+0,
427.6,1.044e+3,1.035e+3,8.442e+0,
427.9,9.942e+2,9.852e+2,9.005e+0,
428.1,9.634e+2,9.538e+2,9.621e+0,
428.4,9.250e+2,9.142e+2,1.080e+1,
428.6,9.069e+2,8.952e+2,1.169e+1,
428.9,8.937e+2,8.807e+2,1.307e+1,
429.1,8.949e+2,8.810e+2,1.395e+1,
429.4,9.113e+2,8.962e+2,1.508e+1,
429.6,9.307e+2,9.150e+2,1.566e+1,
429.9,9.693e+2,9.532e+2,1.617e+1,
430.1,9.990e+2,9.827e+2,1.625e+1,
430.4,1.045e+3,1.029e+3,1.597e+1,
430.6,1.073e+3,1.057e+3,1.555e+1,
430.9,1.108e+3,1.093e+3,1.465e+1,
431.1,1.124e+3,1.110e+3,1.394e+1,
431.4,1.135e+3,1.122e+3,1.290e+1,
431.6,1.132e+3,1.120e+3,1.232e+1,
431.9,1.111e+3,1.099e+3,1.181e+1,
432.1,1.086e+3,1.074e+3,1.180e+1,
432.4,1.033e+3,1.020e+3,1.244e+1,
432.6,9.874e+2,9.741e+2,1.335e+1,
432.9,9.079e+2,8.924e+2,1.547e+1,
433.1,8.489e+2,8.315e+2,1.737e+1,
433.4,7.555e+2,7.347e+2,2.085e+1,
433.6,6.926e+2,6.691e+2,2.348e+1,
433.9,6.017e+2,5.740e+2,2.766e+1,
434.1,5.460e+2,5.156e+2,3.044e+1,
434.4,4.744e+2,4.401e+2,3.429e+1,
434.6,4.367e+2,4.002e+2,3.648e+1,
434.9,3.987e+2,3.597e+2,3.897e+1,
435.1,3.872e+2,3.472e+2,3.999e+1,
435.4,3.926e+2,3.521e+2,4.049e+1,
435.6,4.120e+2,3.719e+2,4.013e+1,
435.9,4.647e+2,4.261e+2,3.869e+1,
436.1,5.151e+2,4.779e+2,3.722e+1,
436.4,6.110e+2,5.765e+2,3.450e+1,
436.6,6.863e+2,6.539e+2,3.248e+1,
436.9,8.114e+2,7.820e+2,2.938e+1,
437.1,8.991e+2,8.717e+2,2.738e+1,
437.4,1.030e+3,1.006e+3,2.463e+1,
437.6,1.113e+3,1.090e+3,2.300e+1,
437.9,1.223e+3,1.202e+3,2.090e+1,
438.1,1.283e+3,1.263e+3,1.972e+1,
438.4,1.350e+3,1.331e+3,1.823e+1,
438.6,1.377e+3,1.359e+3,1.739e+1,
438.9,1.390e+3,1.374e+3,1.633e+1,
439.1,1.382e+3,1.366e+3,1.573e+1,
439.4,1.347e+3,1.332e+3,1.496e+1,
439.6,1.310e+3,1.296e+3,1.454e+1,
439.9,1.240e+3,1.226e+3,1.403e+1,
440.1,1.185e+3,1.171e+3,1.377e+1,
440.4,1.094e+3,1.080e+3,1.347e+1,
440.6,1.029e+3,1.016e+3,1.332e+1,
440.9,9.304e+2,9.173e+2,1.311e+1,
441.1,8.639e+2,8.510e+2,1.296e+1,
441.4,7.653e+2,7.527e+2,1.266e+1,
441.6,7.013e+2,6.889e+2,1.238e+1,
441.9,6.095e+2,5.977e+2,1.183e+1,
442.1,5.520e+2,5.406e+2,1.137e+1,
442.4,4.725e+2,4.620e+2,1.053e+1,
442.6,4.247e+2,4.148e+2,9.912e+0,
442.9,3.616e+2,3.527e+2,8.925e+0,
443.1,3.255e+2,3.172e+2,8.266e+0,
443.4,2.804e+2,2.731e+2,7.331e+0,
443.6,2.562e+2,2.494e+2,6.774e+0,
443.9,2.279e+2,2.219e+2,6.075e+0,
444.1,2.140e+2,2.082e+2,5.715e+0,
444.4,1.993e+2,1.939e+2,5.345e+0,
444.6,1.930e+2,1.878e+2,5.212e+0,
444.9,1.877e+2,1.825e+2,5.178e+0,
445.1,1.863e+2,1.810e+2,5.261e+0,
445.4,1.865e+2,1.809e+2,5.540e+0,
445.6,1.875e+2,1.817e+2,5.829e+0,
445.9,1.898e+2,1.834e+2,6.429e+0,
446.1,1.914e+2,1.845e+2,6.951e+0,
446.4,1.934e+2,1.855e+2,7.947e+0,
446.6,1.942e+2,1.854e+2,8.773e+0,
446.9,1.942e+2,1.840e+2,1.029e+1,7.951e-23
447.1,1.934e+2,1.819e+2,1.152e+1,2.233e-22
447.4,1.908e+2,1.771e+2,1.371e+1,1.022e-21
447.6,1.882e+2,1.728e+2,1.543e+1,2.764e-21
447.9,1.831e+2,1.646e+2,1.844e+1,1.196e-20
448.1,1.790e+2,1.583e+2,2.075e+1,3.114e-20
448.4,1.722e+2,1.475e+2,2.470e+1,1.273e-19
448.6,1.675e+2,1.398e+2,2.768e+1,3.193e-19
448.9,1.604e+2,1.277e+2,3.268e+1,1.233e-18
449.1,1.560e+2,1.196e+2,3.638e+1,2.979e-18
449.4,1.501e+2,1.077e+2,4.244e+1,1.087e-17
449.6,1.470e+2,1.002e+2,4.680e+1,2.529e-17
449.9,1.437e+2,8.993e+1,5.373e+1,8.724e-17
450.1,1.425e+2,8.399e+1,5.854e+1,1.955e-16
450.4,1.425e+2,7.665e+1,6.587e+1,6.371e-16
450.6,1.436e+2,7.289e+1,7.073e+1,1.375e-15
450.9,1.468e+2,6.900e+1,7.778e+1,4.234e-15
451.1,1.497e+2,6.752e+1,8.220e+1,8.797e-15
451.4,1.550e+2,6.676e+1,8.828e+1,2.561e-14
451.6,1.590e+2,6.705e+1,9.191e+1,5.124e-14
451.9,1.650e+2,6.828e+1,9.670e+1,1.410e-13
452.1,1.689e+2,6.937e+1,9.949e+1,2.716e-13
452.4,1.742e+2,7.101e+1,1.032e+2,7.062e-13
452.6,1.773e+2,7.186e+1,1.054e+2,1.310e-12
452.9,1.811e+2,7.246e+1,1.086e+2,3.220e-12
453.1,1.830e+2,7.229e+1,1.107e+2,5.753e-12
453.4,1.848e+2,7.106e+1,1.137e+2,1.336e-11
453.6,1.853e+2,6.960e+1,1.157e+2,2.299e-11
453.9,1.851e+2,6.655e+1,1.186e+2,5.044e-11
454.1,1.842e+2,6.404e+1,1.202e+2,8.358e-11
454.4,1.818e+2,5.974e+1,1.221e+2,1.733e-10
454.6,1.795e+2,5.665e+1,1.228e+2,2.766e-10
454.9,1.749e+2,5.188e+1,1.230e+2,5.420e-10
455.1,1.712e+2,4.869e+1,1.225e+2,8.330e-10
455.4,1.648e+2,4.405e+1,1.208e+2,1.543e-9
455.6,1.602e+2,4.111e+1,1.191e+2,2.283e-9
455.9,1.530e+2,3.698e+1,1.161e+2,3.996e-9
456.1,1.483e+2,3.446e+1,1.139e+2,5.695e-9
456.4,1.417e+2,3.106e+1,1.106e+2,9.420e-9
456.6,1.377e+2,2.907e+1,1.086e+2,1.293e-8
456.9,1.325e+2,2.651e+1,1.060e+2,2.021e-8
457.1,1.297e+2,2.510e+1,1.046e+2,2.671e-8
457.4,1.260e+2,2.345e+1,1.025e+2,3.946e-8
457.6,1.239e+2,2.265e+1,1.012e+2,5.023e-8
457.9,1.208e+2,2.186e+1,9.889e+1,7.014e-8
458.1,1.185e+2,2.159e+1,9.696e+1,8.600e-8
458.4,1.147e+2,2.151e+1,9.319e+1,1.135e-7
458.6,1.116e+2,2.164e+1,9.001e+1,1.341e-7
458.9,1.062e+2,2.202e+1,8.419e+1,1.675e-7
459.1,1.020e+2,2.235e+1,7.968e+1,1.908e-7
459.4,9.514e+1,2.292e+1,7.222e+1,2.258e-7
459.6,9.028e+1,2.330e+1,6.698e+1,2.484e-7
459.9,8.298e+1,2.387e+1,5.911e+1,2.799e-7
460.1,7.832e+1,2.422e+1,5.410e+1,2.987e-7
460.4,7.202e+1,2.473e+1,4.728e+1,3.236e-7
460.6,6.844e+1,2.507e+1,4.337e+1,3.386e-7
460.9,6.424e+1,2.561e+1,3.863e+1,3.609e-7
461.1,6.225e+1,2.602e+1,3.623e+1,3.778e-7
461.4,6.048e+1,2.675e+1,3.374e+1,4.122e-7
461.6,6.004e+1,2.734e+1,3.270e+1,4.451e-7
461.9,6.029e+1,2.842e+1,3.187e+1,5.184e-7
462.1,6.091e+1,2.928e+1,3.163e+1,5.886e-7
462.4,6.225e+1,3.079e+1,3.146e+1,7.360e-7
462.6,6.326e+1,3.195e+1,3.132e+1,8.675e-7
462.9,6.472e+1,3.386e+1,3.086e+1,1.122e-6
463.2,6.588e+1,3.596e+1,2.992e+1,1.450e-6
463.4,6.642e+1,3.743e+1,2.898e+1,1.709e-6
463.7,6.681e+1,3.969e+1,2.712e+1,2.151e-6
463.9,6.681e+1,4.121e+1,2.560e+1,2.475e-6
464.2,6.646e+1,4.346e+1,2.301e+1,2.985e-6
464.4,6.606e+1,4.491e+1,2.115e+1,3.329e-6
464.7,6.530e+1,4.700e+1,1.830e+1,3.820e-6
464.9,6.474e+1,4.831e+1,1.644e+1,4.116e-6
465.2,6.391e+1,5.012e+1,1.379e+1,4.485e-6
465.4,6.337e+1,5.120e+1,1.217e+1,4.667e-6
465.7,6.262e+1,5.260e+1,1.002e+1,4.828e-6
465.9,6.212e+1,5.335e+1,8.768e+0,4.856e-6
466.2,6.131e+1,5.414e+1,7.171e+0,4.781e-6
466.4,6.070e+1,5.442e+1,6.276e+0,4.659e-6
466.7,5.956e+1,5.440e+1,5.152e+0,4.391e-6
466.9,5.861e+1,5.408e+1,4.527e+0,4.169e-6
467.2,5.685e+1,5.311e+1,3.736e+0,3.804e-6
467.4,5.543e+1,5.215e+1,3.288e+0,3.557e-6
467.7,5.297e+1,5.026e+1,2.708e+0,3.207e-6
467.9,5.112e+1,4.874e+1,2.373e+0,3.001e-6
468.2,4.812e+1,4.619e+1,1.936e+0,2.748e-6
468.4,4.604e+1,4.435e+1,1.684e+0,2.621e-6
468.7,4.291e+1,4.155e+1,1.366e+0,2.492e-6
468.9,4.090e+1,3.971e+1,1.193e+0,2.442e-6
469.2,3.814e+1,3.714e+1,9.939e-1,2.408e-6
469.4,3.653e+1,3.562e+1,9.033e-1,2.403e-6
469.7,3.457e+1,3.374e+1,8.313e-1,2.404e-6
469.9,3.362e+1,3.279e+1,8.260e-1,2.402e-6
470.2,3.278e+1,3.190e+1,8.804e-1,2.380e-6
470.4,3.264e+1,3.169e+1,9.562e-1,2.348e-6
470.7,3.306e+1,3.194e+1,1.123e+0,2.272e-6
470.9,3.375e+1,3.249e+1,1.265e+0,2.203e-6
471.2,3.534e+1,3.383e+1,1.512e+0,2.076e-6
471.4,3.672e+1,3.503e+1,1.691e+0,1.981e-6
471.7,3.913e+1,3.717e+1,1.967e+0,1.833e-6
471.9,4.089e+1,3.874e+1,2.145e+0,1.736e-6
472.2,4.355e+1,4.116e+1,2.386e+0,1.603e-6
472.4,4.523e+1,4.271e+1,2.520e+0,1.528e-6
472.7,4.739e+1,4.473e+1,2.665e+0,1.439e-6
472.9,4.849e+1,4.577e+1,2.718e+0,1.398e-6
473.2,4.946e+1,4.674e+1,2.728e+0,1.364e-6
473.4,4.959e+1,4.690e+1,2.687e+0,1.359e-6
473.7,4.893e+1,4.637e+1,2.558e+0,1.375e-6
473.9,4.793e+1,4.550e+1,2.432e+0,1.399e-6
474.2,4.566e+1,4.346e+1,2.196e+0,1.449e-6
474.4,4.370e+1,4.168e+1,2.016e+0,1.489e-6
474.7,4.027e+1,3.855e+1,1.728e+0,1.552e-6
474.9,3.779e+1,3.626e+1,1.533e+0,1.594e-6
475.2,3.399e+1,3.274e+1,1.249e+0,1.649e-6
475.4,3.154e+1,3.047e+1,1.072e+0,1.679e-6
475.7,2.818e+1,2.735e+1,8.335e-1,1.708e-6
475.9,2.626e+1,2.557e+1,6.952e-1,1.715e-6
476.2,2.397e+1,2.345e+1,5.207e-1,1.703e-6
476.4,2.289e+1,2.246e+1,4.261e-1,1.680e-6
476.7,2.194e+1,2.162e+1,3.146e-1,1.622e-6
476.9,2.174e+1,2.148e+1,2.584e-1,1.568e-6
477.2,2.202e+1,2.183e+1,1.975e-1,1.466e-6
477.4,2.253e+1,2.236e+1,1.704e-1,1.386e-6
477.7,2.364e+1,2.349e+1,1.465e-1,1.251e-6
477.9,2.451e+1,2.437e+1,1.404e-1,1.155e-6
478.2,2.587e+1,2.572e+1,1.444e-1,1.005e-6
478.4,2.671e+1,2.656e+1,1.556e-1,9.046e-7
478.7,2.776e+1,2.758e+1,1.854e-1,7.573e-7
478.9,2.825e+1,2.804e+1,2.145e-1,6.637e-7
479.2,2.860e+1,2.832e+1,2.736e-1,5.336e-7
479.4,2.854e+1,2.822e+1,3.241e-1,4.550e-7
479.7,2.804e+1,2.762e+1,4.176e-1,3.508e-7
479.9,2.745e+1,2.696e+1,4.922e-1,2.907e-7
480.2,2.626e+1,2.564e+1,6.218e-1,2.146e-7
480.4,2.532e+1,2.460e+1,7.191e-1,1.727e-7
480.7,2.382e+1,2.294e+1,8.783e-1,1.220e-7
480.9,2.285e+1,2.186e+1,9.908e-1,9.527e-8
481.2,2.158e+1,2.041e+1,1.164e+0,6.430e-8
481.4,2.094e+1,1.966e+1,1.278e+0,4.872e-8
481.7,2.044e+1,1.900e+1,1.442e+0,3.142e-8
481.9,2.051e+1,1.897e+1,1.542e+0,2.312e-8
482.2,2.134e+1,1.966e+1,1.675e+0,1.432e-8
482.4,2.246e+1,2.071e+1,1.750e+0,1.031e-8
482.7,2.515e+1,2.331e+1,1.840e+0,6.311e-9
482.9,2.771e+1,2.582e+1,1.886e+0,4.651e-9
483.2,3.285e+1,3.091e+1,1.936e+0,3.243e-9
483.4,3.725e+1,3.529e+1,1.959e+0,2.857e-9
483.7,4.549e+1,4.350e+1,1.984e+0,2.928e-9
483.9,5.217e+1,5.017e+1,1.998e+0,3.354e-9
484.2,6.411e+1,6.209e+1,2.020e+0,4.525e-9
484.4,7.342e+1,7.138e+1,2.039e+0,5.666e-9
484.7,8.946e+1,8.739e+1,2.076e+0,7.948e-9
484.9,1.015e+2,9.941e+1,2.109e+0,9.873e-9
485.2,1.215e+2,1.194e+2,2.176e+0,1.339e-8
485.4,1.361e+2,1.338e+2,2.234e+0,1.616e-8
485.7,1.593e+2,1.570e+2,2.350e+0,2.092e-8
485.9,1.756e+2,1.731e+2,2.457e+0,2.445e-8
486.2,2.007e+2,1.980e+2,2.686e+0,3.018e-8
486.4,2.175e+2,2.146e+2,2.908e+0,3.418e-8
486.7,2.427e+2,2.393e+2,3.407e+0,4.031e-8
486.9,2.590e+2,2.551e+2,3.899e+0,4.438e-8
487.2,2.825e+2,2.775e+2,4.994e+0,5.030e-8
487.4,2.973e+2,2.913e+2,6.052e+0,5.410e-8
487.7,3.182e+2,3.098e+2,8.325e+0,5.964e-8
487.9,3.311e+2,3.207e+2,1.043e+1,6.337e-8
488.2,3.493e+2,3.345e+2,1.476e+1,6.945e-8
488.4,3.607e+2,3.421e+2,1.860e+1,7.422e-8
488.7,3.775e+2,3.514e+2,2.609e+1,8.332e-8
488.9,3.887e+2,3.563e+2,3.242e+1,9.135e-8
489.2,4.063e+2,3.621e+2,4.415e+1,1.076e-7
489.4,4.189e+2,3.653e+2,5.357e+1,1.220e-7
489.7,4.395e+2,3.693e+2,7.012e+1,1.503e-7
489.9,4.545e+2,3.718e+2,8.270e+1,1.743e-7
490.2,4.789e+2,3.754e+2,1.035e+2,2.187e-7
490.4,4.962e+2,3.777e+2,1.184e+2,2.541e-7
490.7,5.227e+2,3.812e+2,1.416e+2,3.154e-7
490.9,5.402e+2,3.833e+2,1.569e+2,3.612e-7
491.2,5.648e+2,3.860e+2,1.788e+2,4.351e-7
491.4,5.792e+2,3.872e+2,1.920e+2,4.864e-7
491.7,5.965e+2,3.880e+2,2.085e+2,5.627e-7
491.9,6.046e+2,3.878e+2,2.168e+2,6.111e-7
492.2,6.109e+2,3.865e+2,2.245e+2,6.757e-7
492.4,6.112e+2,3.852e+2,2.261e+2,7.113e-7
492.7,6.063e+2,3.832e+2,2.231e+2,7.499e-7
492.9,5.999e+2,3.822e+2,2.177e+2,7.645e-7
493.2,5.871e+2,3.821e+2,2.050e+2,7.678e-7
493.4,5.773e+2,3.834e+2,1.939e+2,7.577e-7
493.7,5.619e+2,3.876e+2,1.744e+2,7.247e-7
493.9,5.520e+2,3.920e+2,1.601e+2,6.922e-7
494.2,5.385e+2,4.007e+2,1.378e+2,6.307e-7
494.4,5.305e+2,4.075e+2,1.231e+2,5.834e-7
494.7,5.200e+2,4.181e+2,1.019e+2,5.070e-7
494.9,5.135e+2,4.246e+2,8.889e+1,4.550e-7
495.2,5.036e+2,4.321e+2,7.149e+1,3.794e-7
495.4,4.962e+2,4.348e+2,6.150e+1,3.326e-7
495.7,4.832e+2,4.342e+2,4.904e+1,2.710e-7
495.9,4.727e+2,4.302e+2,4.243e+1,2.373e-7
496.2,4.537e+2,4.188e+2,3.497e+1,1.998e-7
496.4,4.391e+2,4.075e+2,3.155e+1,1.848e-7
496.7,4.146e+2,3.860e+2,2.859e+1,1.787e-7
496.9,3.972e+2,3.692e+2,2.797e+1,1.866e-7
497.2,3.707e+2,3.417e+2,2.898e+1,2.180e-7
497.4,3.536e+2,3.227e+2,3.089e+1,2.528e-7
497.7,3.303e+2,2.947e+2,3.559e+1,3.271e-7
497.9,3.170e+2,2.771e+2,3.995e+1,3.918e-7
498.2,3.018e+2,2.534e+2,4.834e+1,5.119e-7
498.4,2.950e+2,2.398e+2,5.516e+1,6.067e-7
498.7,2.903e+2,2.231e+2,6.722e+1,7.689e-7
498.9,2.907e+2,2.143e+2,7.642e+1,8.882e-7
499.2,2.962e+2,2.044e+2,9.178e+1,1.078e-6
499.4,3.025e+2,1.996e+2,1.029e+2,1.209e-6
499.7,3.148e+2,1.944e+2,1.204e+2,1.401e-6
499.9,3.242e+2,1.918e+2,1.324e+2,1.522e-6
500.2,3.387e+2,1.885e+2,1.502e+2,1.682e-6
500.4,3.476e+2,1.862e+2,1.615e+2,1.770e-6
500.7,3.589e+2,1.820e+2,1.768e+2,1.865e-6
500.9,3.642e+2,1.786e+2,1.856e+2,1.901e-6
501.2,3.680e+2,1.723e+2,1.957e+2,1.910e-6
501.4,3.674e+2,1.672e+2,2.002e+2,1.886e-6
501.7,3.615e+2,1.584e+2,2.032e+2,1.807e-6
501.9,3.543e+2,1.518e+2,2.025e+2,1.728e-6
502.2,3.389e+2,1.413e+2,1.976e+2,1.579e-6
502.4,3.259e+2,1.340e+2,1.919e+2,1.463e-6
502.7,3.032e+2,1.230e+2,1.802e+2,1.274e-6
502.9,2.864e+2,1.158e+2,1.706e+2,1.145e-6
503.2,2.601e+2,1.057e+2,1.544e+2,9.521e-7
503.4,2.422e+2,9.945e+1,1.428e+2,8.297e-7
503.7,2.160e+2,9.111e+1,1.249e+2,6.611e-7
503.9,1.995e+2,8.628e+1,1.132e+2,5.611e-7
504.2,1.766e+2,8.020e+1,9.641e+1,4.326e-7
504.4,1.630e+2,7.692e+1,8.607e+1,3.617e-7
504.7,1.453e+2,7.311e+1,7.219e+1,2.775e-7
504.9,1.354e+2,7.126e+1,6.414e+1,2.354e-7
505.2,1.233e+2,6.938e+1,5.395e+1,1.916e-7
505.4,1.170e+2,6.864e+1,4.840e+1,1.738e-7
505.7,1.100e+2,6.815e+1,4.183e+1,1.620e-7
505.9,1.066e+2,6.813e+1,3.852e+1,1.625e-7
506.2,1.033e+2,6.838e+1,3.495e+1,1.732e-7
506.4,1.020e+2,6.865e+1,3.337e+1,1.855e-7
506.7,1.010e+2,6.903e+1,3.200e+1,2.091e-7
506.9,1.008e+2,6.919e+1,3.162e+1,2.269e-7
507.2,1.008e+2,6.918e+1,3.167e+1,2.544e-7
507.4,1.010e+2,6.895e+1,3.200e+1,2.719e-7
507.7,1.011e+2,6.825e+1,3.282e+1,2.951e-7
507.9,1.010e+2,6.752e+1,3.349e+1,3.075e-7
508.2,1.006e+2,6.608e+1,3.456e+1,3.199e-7
508.4,1.002e+2,6.492e+1,3.526e+1,3.237e-7
508.7,9.916e+1,6.299e+1,3.616e+1,3.220e-7
508.9,9.829e+1,6.166e+1,3.663e+1,3.160e-7
509.2,9.682e+1,5.975e+1,3.707e+1,3.002e-7
509.4,9.579e+1,5.864e+1,3.715e+1,2.857e-7
509.7,9.434e+1,5.740e+1,3.693e+1,2.591e-7
509.9,9.355e+1,5.698e+1,3.658e+1,2.391e-7
510.2,9.287e+1,5.710e+1,3.577e+1,2.071e-7
510.4,9.289e+1,5.777e+1,3.511e+1,1.852e-7
510.7,9.388e+1,5.980e+1,3.408e+1,1.531e-7
510.9,9.535e+1,6.186e+1,3.349e+1,1.328e-7
511.2,9.902e+1,6.603e+1,3.299e+1,1.048e-7
511.4,1.026e+2,6.950e+1,3.311e+1,8.814e-8
511.7,1.099e+2,7.561e+1,3.433e+1,6.641e-8
511.9,1.163e+2,8.017e+1,3.610e+1,5.414e-8
512.2,1.282e+2,8.752e+1,4.067e+1,3.894e-8
512.4,1.379e+2,9.258e+1,4.530e+1,3.078e-8
512.7,1.553e+2,1.001e+2,5.519e+1,2.114e-8
512.9,1.689e+2,1.049e+2,6.407e+1,1.620e-8
513.2,1.927e+2,1.114e+2,8.134e+1,1.062e-8
513.4,2.110e+2,1.152e+2,9.574e+1,7.889e-9
513.7,2.419e+2,1.199e+2,1.220e+2,4.937e-9
513.9,2.650e+2,1.224e+2,1.426e+2,3.556e-9
514.2,3.031e+2,1.250e+2,1.782e+2,2.125e-9
514.4,3.307e+2,1.261e+2,2.046e+2,1.484e-9
514.7,3.747e+2,1.271e+2,2.476e+2,8.462e-10
514.9,4.053e+2,1.274e+2,2.778e+2,5.730e-10
515.2,4.516e+2,1.276e+2,3.240e+2,3.120e-10
515.4,4.820e+2,1.278e+2,3.542e+2,2.048e-10
515.7,5.252e+2,1.283e+2,3.969e+2,1.065e-10
515.9,5.513e+2,1.289e+2,4.224e+2,6.781e-11
516.2,5.847e+2,1.305e+2,4.542e+2,3.376e-11
516.4,6.022e+2,1.320e+2,4.702e+2,2.100e-11
516.7,6.201e+2,1.350e+2,4.851e+2,1.045e-11
516.9,6.261e+2,1.375e+2,4.885e+2,6.999e-12
517.2,6.257e+2,1.419e+2,4.838e+2,5.303e-12
517.4,6.194e+2,1.451e+2,4.742e+2,6.166e-12
517.7,6.016e+2,1.504e+2,4.513e+2,1.113e-11
517.9,5.851e+2,1.540e+2,4.310e+2,1.815e-11
518.2,5.547e+2,1.596e+2,3.951e+2,3.866e-11
518.4,5.319e+2,1.633e+2,3.685e+2,6.365e-11
518.7,4.957e+2,1.689e+2,3.268e+2,1.319e-10
518.9,4.715e+2,1.726e+2,2.989e+2,2.116e-10
519.2,4.366e+2,1.783e+2,2.583e+2,4.205e-10
519.4,4.152e+2,1.822e+2,2.330e+2,6.552e-10
519.7,3.871e+2,1.884e+2,1.987e+2,1.247e-9
519.9,3.714e+2,1.928e+2,1.786e+2,1.888e-9
520.2,3.531e+2,2.003e+2,1.528e+2,3.442e-9
520.4,3.442e+2,2.057e+2,1.385e+2,5.063e-9
520.7,3.360e+2,2.148e+2,1.212e+2,8.840e-9
520.9,3.335e+2,2.213e+2,1.122e+2,1.263e-8
521.2,3.335e+2,2.316e+2,1.019e+2,2.113e-8
521.4,3.355e+2,2.387e+2,9.680e+1,2.934e-8
521.7,3.405e+2,2.491e+2,9.135e+1,4.698e-8
521.9,3.446e+2,2.557e+2,8.885e+1,6.339e-8
522.2,3.509e+2,2.646e+2,8.634e+1,9.722e-8
522.4,3.547e+2,2.695e+2,8.528e+1,1.274e-7
522.7,3.593e+2,2.749e+2,8.431e+1,1.872e-7
522.9,3.612e+2,2.772e+2,8.394e+1,2.384e-7
523.2,3.622e+2,2.785e+2,8.368e+1,3.354e-7
523.4,3.617e+2,2.780e+2,8.364e+1,4.151e-7
523.7,3.593e+2,2.756e+2,8.371e+1,5.593e-7
523.9,3.569e+2,2.730e+2,8.384e+1,6.724e-7
524.2,3.525e+2,2.684e+2,8.414e+1,8.677e-7
524.4,3.494e+2,2.651e+2,8.440e+1,1.014e-6
524.7,3.451e+2,2.602e+2,8.484e+1,1.253e-6
524.9,3.426e+2,2.574e+2,8.516e+1,1.422e-6
525.2,3.396e+2,2.540e+2,8.561e+1,1.683e-6
525.4,3.381e+2,2.523e+2,8.585e+1,1.856e-6
525.7,3.365e+2,2.505e+2,8.604e+1,2.104e-6
525.9,3.357e+2,2.497e+2,8.600e+1,2.254e-6
526.2,3.343e+2,2.487e+2,8.563e+1,2.447e-6
526.4,3.330e+2,2.479e+2,8.512e+1,2.548e-6
526.7,3.299e+2,2.459e+2,8.396e+1,2.649e-6
526.9,3.268e+2,2.439e+2,8.290e+1,2.679e-6
527.2,3.204e+2,2.394e+2,8.091e+1,2.668e-6
527.4,3.148e+2,2.354e+2,7.937e+1,2.622e-6
527.7,3.045e+2,2.277e+2,7.682e+1,2.500e-6
527.9,2.967e+2,2.216e+2,7.505e+1,2.388e-6
528.2,2.837e+2,2.113e+2,7.242e+1,2.181e-6
528.4,2.748e+2,2.040e+2,7.078e+1,2.023e-6
528.7,2.614e+2,1.928e+2,6.863e+1,1.770e-6
528.9,2.530e+2,1.855e+2,6.748e+1,1.596e-6
529.2,2.419e+2,1.756e+2,6.627e+1,1.337e-6
529.4,2.358e+2,1.699e+2,6.582e+1,1.171e-6
529.7,2.289e+2,1.632e+2,6.569e+1,9.392e-7
529.9,2.261e+2,1.602e+2,6.591e+1,7.993e-7
530.2,2.245e+2,1.579e+2,6.659e+1,6.141e-7
530.4,2.250e+2,1.578e+2,6.719e+1,5.078e-7
530.7,2.279e+2,1.598e+2,6.809e+1,3.737e-7
530.9,2.309e+2,1.624e+2,6.857e+1,3.002e-7
531.2,2.366e+2,1.677e+2,6.894e+1,2.116e-7
531.4,2.408e+2,1.720e+2,6.884e+1,1.652e-7
531.7,2.471e+2,1.790e+2,6.803e+1,1.115e-7
531.9,2.510e+2,1.840e+2,6.702e+1,8.455e-8
532.2,2.563e+2,1.916e+2,6.474e+1,5.465e-8
532.4,2.593e+2,1.966e+2,6.274e+1,4.028e-8
532.7,2.632e+2,2.041e+2,5.911e+1,2.494e-8
532.9,2.656e+2,2.093e+2,5.634e+1,1.787e-8
533.2,2.694e+2,2.176e+2,5.181e+1,1.062e-8
533.4,2.724e+2,2.237e+2,4.865e+1,7.424e-9
533.7,2.783e+2,2.344e+2,4.387e+1,4.295e-9
533.9,2.837e+2,2.429e+2,4.074e+1,2.997e-9
534.2,2.943e+2,2.581e+2,3.629e+1,1.845e-9
534.4,3.035e+2,2.700e+2,3.354e+1,1.458e-9
534.7,3.207e+2,2.908e+2,2.984e+1,1.300e-9
534.9,3.343e+2,3.066e+2,2.768e+1,1.434e-9
535.2,3.578e+2,3.329e+2,2.493e+1,1.986e-9
535.4,3.752e+2,3.517e+2,2.342e+1,2.614e-9
535.7,4.030e+2,3.814e+2,2.162e+1,4.037e-9
535.9,4.222e+2,4.014e+2,2.071e+1,5.386e-9
536.2,4.509e+2,4.311e+2,1.974e+1,8.182e-9
536.4,4.694e+2,4.500e+2,1.934e+1,1.068e-8
536.7,4.953e+2,4.762e+2,1.904e+1,1.563e-8
536.9,5.108e+2,4.918e+2,1.902e+1,1.987e-8
537.2,5.310e+2,5.118e+2,1.921e+1,2.792e-8
537.4,5.421e+2,5.227e+2,1.946e+1,3.455e-8
537.7,5.553e+2,5.353e+2,1.996e+1,4.659e-8
537.9,5.618e+2,5.414e+2,2.036e+1,5.610e-8
538.2,5.683e+2,5.473e+2,2.101e+1,7.262e-8
538.4,5.708e+2,5.493e+2,2.144e+1,8.509e-8
538.7,5.720e+2,5.499e+2,2.208e+1,1.057e-7
538.9,5.713e+2,5.488e+2,2.246e+1,1.205e-7
539.2,5.684e+2,5.454e+2,2.294e+1,1.438e-7
539.4,5.652e+2,5.420e+2,2.318e+1,1.595e-7
539.7,5.586e+2,5.352e+2,2.342e+1,1.826e-7
539.9,5.528e+2,5.294e+2,2.348e+1,1.971e-7
540.2,5.420e+2,5.185e+2,2.343e+1,2.166e-7
540.4,5.330e+2,5.097e+2,2.331e+1,2.275e-7
540.7,5.168e+2,4.938e+2,2.300e+1,2.399e-7
540.9,5.040e+2,4.813e+2,2.273e+1,2.452e-7
541.2,4.816e+2,4.594e+2,2.223e+1,2.482e-7
541.4,4.647e+2,4.428e+2,2.185e+1,2.469e-7
541.7,4.365e+2,4.152e+2,2.125e+1,2.399e-7
541.9,4.161e+2,3.952e+2,2.084e+1,2.322e-7
542.2,3.837e+2,3.635e+2,2.023e+1,2.166e-7
542.4,3.614e+2,3.415e+2,1.984e+1,2.039e-7
542.7,3.277e+2,3.084e+2,1.929e+1,1.826e-7
542.9,3.055e+2,2.865e+2,1.896e+1,1.673e-7
543.2,2.736e+2,2.550e+2,1.853e+1,1.438e-7
543.4,2.536e+2,2.353e+2,1.829e+1,1.282e-7
543.7,2.261e+2,2.081e+2,1.801e+1,1.057e-7
543.9,2.098e+2,1.919e+2,1.788e+1,9.173e-8
544.2,1.884e+2,1.706e+2,1.780e+1,7.262e-8
544.4,1.763e+2,1.585e+2,1.781e+1,6.131e-8
544.7,1.613e+2,1.433e+2,1.795e+1,4.659e-8
544.9,1.532e+2,1.351e+2,1.813e+1,3.828e-8
545.2,1.438e+2,1.253e+2,1.854e+1,2.792e-8
545.4,1.391e+2,1.202e+2,1.891e+1,2.232e-8
545.7,1.337e+2,1.141e+2,1.963e+1,1.563e-8
545.9,1.311e+2,1.109e+2,2.020e+1,1.215e-8
546.2,1.281e+2,1.069e+2,2.123e+1,8.168e-9
546.4,1.265e+2,1.045e+2,2.201e+1,6.182e-9
546.7,1.244e+2,1.011e+2,2.332e+1,3.988e-9
546.9,1.229e+2,9.865e+1,2.427e+1,2.937e-9
547.2,1.205e+2,9.468e+1,2.580e+1,1.818e-9
547.4,1.186e+2,9.173e+1,2.685e+1,1.303e-9
547.7,1.153e+2,8.678e+1,2.847e+1,7.745e-10
547.9,1.127e+2,8.315e+1,2.954e+1,5.400e-10
548.2,1.084e+2,7.727e+1,3.109e+1,3.081e-10
548.4,1.052e+2,7.312e+1,3.205e+1,2.090e-10
548.7,1.000e+2,6.668e+1,3.335e+1,1.145e-10
548.9,9.642e+1,6.233e+1,3.409e+1,7.557e-11
549.2,9.085e+1,5.589e+1,3.496e+1,3.972e-11
549.4,8.710e+1,5.172e+1,3.537e+1,2.552e-11
549.7,8.151e+1,4.581e+1,3.570e+1,1.287e-11
549.9,7.788e+1,4.216e+1,3.572e+1,8.048e-12
550.2,7.265e+1,3.721e+1,3.544e+1,3.897e-12
550.4,6.936e+1,3.430e+1,3.506e+1,2.370e-12
550.7,6.479e+1,3.057e+1,3.422e+1,1.102e-12
550.9,6.201e+1,2.852e+1,3.349e+1,6.521e-13
551.2,5.833e+1,2.612e+1,3.221e+1,2.910e-13
551.4,5.622e+1,2.498e+1,3.124e+1,1.676e-13
551.7,5.362e+1,2.394e+1,2.968e+1,7.176e-14
551.9,5.230e+1,2.370e+1,2.860e+1,4.022e-14
552.2,5.100e+1,2.405e+1,2.695e+1,1.653e-14
552.4,5.062e+1,2.476e+1,2.586e+1,9.015e-15
552.7,5.084e+1,2.657e+1,2.427e+1,3.557e-15
552.9,5.156e+1,2.831e+1,2.325e+1,1.887e-15
553.2,5.357e+1,3.177e+1,2.180e+1,7.148e-16
553.4,5.557e+1,3.467e+1,2.089e+1,3.691e-16
553.7,5.963e+1,4.000e+1,1.962e+1,1.342e-16
553.9,6.307e+1,4.423e+1,1.884e+1,6.740e-17
554.2,6.937e+1,5.163e+1,1.774e+1,2.352e-17
554.4,7.432e+1,5.726e+1,1.706e+1,1.150e-17
554.7,8.285e+1,6.674e+1,1.611e+1,3.851e-18
554.9,8.923e+1,7.370e+1,1.553e+1,1.832e-18
555.2,9.971e+1,8.499e+1,1.472e+1,5.889e-19
555.4,1.072e+2,9.298e+1,1.422e+1,2.726e-19
555.7,1.190e+2,1.054e+2,1.352e+1,8.411e-20
555.9,1.270e+2,1.139e+2,1.310e+1,3.788e-20
556.2,1.391e+2,1.266e+2,1.251e+1,1.122e-20
556.4,1.471e+2,1.349e+2,1.215e+1,4.918e-21
556.7,1.585e+2,1.468e+2,1.164e+1,1.398e-21
556.9,1.656e+2,1.542e+2,1.132e+1,5.962e-22
557.2,1.752e+2,1.644e+2,1.085e+1,1.627e-22
557.4,1.809e+2,1.704e+2,1.054e+1,6.752e-23
557.7,1.882e+2,1.782e+2,1.006e+1,
557.9,1.923e+2,1.826e+2,9.736e+0,
558.2,1.972e+2,1.879e+2,9.221e+0,
558.4,1.996e+2,1.908e+2,8.859e+0,
558.7,2.023e+2,1.940e+2,8.289e+0,
558.9,2.035e+2,1.956e+2,7.893e+0,
559.2,2.046e+2,1.973e+2,7.284e+0,
559.4,2.049e+2,1.980e+2,6.876e+0,
559.7,2.049e+2,1.986e+2,6.277e+0,
559.9,2.045e+2,1.986e+2,5.896e+0,
560.2,2.036e+2,1.982e+2,5.373e+0,
560.4,2.026e+2,1.976e+2,5.066e+0,
560.7,2.006e+2,1.959e+2,4.687e+0,
560.9,1.989e+2,1.944e+2,4.496e+0,
561.2,1.954e+2,1.911e+2,4.312e+0,
561.4,1.925e+2,1.883e+2,4.262e+0,
561.7,1.873e+2,1.830e+2,4.296e+0,
561.9,1.831e+2,1.787e+2,4.388e+0,
562.2,1.759e+2,1.713e+2,4.620e+0,
562.4,1.706e+2,1.657e+2,4.828e+0,
562.7,1.618e+2,1.566e+2,5.201e+0,
562.9,1.556e+2,1.501e+2,5.477e+0,
563.2,1.458e+2,1.399e+2,5.907e+0,
563.4,1.393e+2,1.331e+2,6.188e+0,
563.7,1.295e+2,1.229e+2,6.579e+0,
563.9,1.231e+2,1.163e+2,6.804e+0,
564.2,1.139e+2,1.069e+2,7.070e+0,
564.4,1.082e+2,1.010e+2,7.190e+0,
564.7,1.001e+2,9.285e+1,7.275e+0,
564.9,9.519e+1,8.792e+1,7.264e+0,
565.2,8.841e+1,8.126e+1,7.150e+0,
565.4,8.430e+1,7.729e+1,7.012e+0,
565.7,7.869e+1,7.197e+1,6.723e+0,
565.9,7.529e+1,6.880e+1,6.484e+0,
566.2,7.063e+1,6.456e+1,6.075e+0,
566.4,6.779e+1,6.201e+1,5.778e+0,
566.7,6.389e+1,5.857e+1,5.318e+0,
566.9,6.151e+1,5.650e+1,5.010e+0,
567.2,5.825e+1,5.368e+1,4.562e+0,
567.4,5.627e+1,5.199e+1,4.282e+0,
567.7,5.360e+1,4.970e+1,3.897e+0,
567.9,5.201e+1,4.834e+1,3.669e+0,
568.2,4.990e+1,4.653e+1,3.375e+0,
568.4,4.868e+1,4.546e+1,3.212e+0,
568.7,4.708e+1,4.406e+1,3.017e+0,
568.9,4.616e+1,4.324e+1,2.918e+0,
569.2,4.495e+1,4.213e+1,2.816e+0,
569.4,4.422e+1,4.145e+1,2.776e+0,
569.7,4.322e+1,4.046e+1,2.754e+0,
569.9,4.257e+1,3.980e+1,2.762e+0,
570.2,4.158e+1,3.877e+1,2.804e+0,
570.4,4.089e+1,3.803e+1,2.851e+0,
570.7,3.978e+1,3.683e+1,2.942e+0,
570.9,3.898e+1,3.597e+1,3.015e+0,
571.2,3.771e+1,3.457e+1,3.140e+0,
571.4,3.683e+1,3.360e+1,3.230e+0,
571.7,3.548e+1,3.210e+1,3.373e+0,
571.9,3.458e+1,3.111e+1,3.471e+0,
572.2,3.330e+1,2.968e+1,3.620e+0,
572.4,3.252e+1,2.880e+1,3.721e+0,
572.7,3.150e+1,2.762e+1,3.873e+0,
572.9,3.094e+1,2.697e+1,3.976e+0,
573.2,3.034e+1,2.620e+1,4.137e+0,
573.4,3.010e+1,2.585e+1,4.252e+0,
573.7,2.998e+1,2.554e+1,4.442e+0,
573.9,3.006e+1,2.548e+1,4.584e+0,
574.2,3.039e+1,2.556e+1,4.831e+0,
574.4,3.072e+1,2.569e+1,5.023e+0,
574.7,3.134e+1,2.598e+1,5.359e+0,
574.9,3.180e+1,2.618e+1,5.619e+0,
575.2,3.251e+1,2.644e+1,6.064e+0,
575.4,3.296e+1,2.656e+1,6.399e+0,
575.7,3.354e+1,2.659e+1,6.952e+0,
575.9,3.384e+1,2.649e+1,7.350e+0,
576.2,3.414e+1,2.616e+1,7.976e+0,
576.4,3.421e+1,2.580e+1,8.403e+0,
576.7,3.412e+1,2.508e+1,9.037e+0,
576.9,3.393e+1,2.449e+1,9.441e+0,
577.2,3.347e+1,2.348e+1,9.994e+0,
577.4,3.305e+1,2.274e+1,1.031e+1,
577.7,3.228e+1,2.158e+1,1.070e+1,
577.9,3.170e+1,2.081e+1,1.088e+1,
578.2,3.074e+1,1.970e+1,1.104e+1,
578.4,3.007e+1,1.901e+1,1.106e+1,
578.7,2.904e+1,1.808e+1,1.096e+1,
578.9,2.835e+1,1.754e+1,1.081e+1,
579.2,2.733e+1,1.685e+1,1.048e+1,
579.4,2.667e+1,1.647e+1,1.019e+1,
579.7,2.570e+1,1.601e+1,9.690e+0,
579.9,2.508e+1,1.576e+1,9.319e+0,
580.2,2.417e+1,1.544e+1,8.732e+0,
580.4,2.357e+1,1.524e+1,8.331e+0,
580.7,2.268e+1,1.494e+1,7.738e+0,
580.9,2.208e+1,1.472e+1,7.356e+0,
581.2,2.117e+1,1.435e+1,6.818e+0,
581.4,2.055e+1,1.406e+1,6.487e+0,
581.7,1.960e+1,1.356e+1,6.038e+0,
581.9,1.895e+1,1.318e+1,5.772e+0,
582.2,1.797e+1,1.255e+1,5.421e+0,
582.4,1.732e+1,1.210e+1,5.217e+0,
582.7,1.634e+1,1.139e+1,4.953e+0,
582.9,1.571e+1,1.091e+1,4.803e+0,
583.2,1.480e+1,1.019e+1,4.610e+0,
583.4,1.423e+1,9.727e+0,4.500e+0,
583.7,1.344e+1,9.073e+0,4.363e+0,
583.9,1.296e+1,8.672e+0,4.287e+0,
584.2,1.233e+1,8.131e+0,4.197e+0,
584.4,1.197e+1,7.813e+0,4.153e+0,
584.7,1.152e+1,7.402e+0,4.113e+0,
584.9,1.128e+1,7.171e+0,4.105e+0,
585.2,1.101e+1,6.884e+0,4.124e+0,
585.4,1.089e+1,6.730e+0,4.158e+0,
585.7,1.080e+1,6.550e+0,4.246e+0,
585.9,1.079e+1,6.460e+0,4.329e+0,
586.2,1.086e+1,6.366e+0,4.493e+0,
586.4,1.096e+1,6.330e+0,4.627e+0,
586.7,1.117e+1,6.312e+0,4.863e+0,
586.9,1.136e+1,6.324e+0,5.040e+0,
587.2,1.171e+1,6.379e+0,5.332e+0,
587.4,1.198e+1,6.440e+0,5.538e+0,
587.7,1.242e+1,6.568e+0,5.854e+0,
587.9,1.274e+1,6.679e+0,6.063e+0,
588.2,1.324e+1,6.880e+0,6.363e+0,
588.4,1.358e+1,7.037e+0,6.546e+0,
588.7,1.409e+1,7.304e+0,6.786e+0,
588.9,1.442e+1,7.501e+0,6.917e+0,
589.2,1.488e+1,7.820e+0,7.060e+0,
589.4,1.516e+1,8.045e+0,7.118e+0,
589.7,1.554e+1,8.395e+0,7.146e+0,
589.9,1.576e+1,8.632e+0,7.126e+0,
590.2,1.603e+1,8.987e+0,7.044e+0,
590.4,1.618e+1,9.218e+0,6.961e+0,
590.7,1.635e+1,9.548e+0,6.805e+0,
590.9,1.644e+1,9.754e+0,6.691e+0,
591.2,1.655e+1,1.003e+1,6.522e+0,
591.4,1.661e+1,1.019e+1,6.422e+0,
591.7,1.669e+1,1.038e+1,6.315e+0,
591.9,1.675e+1,1.047e+1,6.283e+0,
592.2,1.685e+1,1.054e+1,6.312e+0,
592.4,1.694e+1,1.055e+1,6.392e+0,
592.7,1.709e+1,1.048e+1,6.612e+0,
592.9,1.721e+1,1.038e+1,6.830e+0,
593.2,1.741e+1,1.015e+1,7.260e+0,
593.4,1.756e+1,9.950e+0,7.612e+0,
593.7,1.779e+1,9.568e+0,8.225e+0,
593.9,1.794e+1,9.264e+0,8.678e+0,
594.2,1.814e+1,8.742e+0,9.399e+0,
594.4,1.825e+1,8.356e+0,9.891e+0,
594.7,1.834e+1,7.729e+0,1.061e+1,
594.9,1.835e+1,7.286e+0,1.106e+1,
595.2,1.826e+1,6.599e+0,1.166e+1,
595.4,1.812e+1,6.132e+0,1.199e+1,
595.7,1.779e+1,5.433e+0,1.236e+1,
595.9,1.748e+1,4.975e+0,1.251e+1,
596.2,1.688e+1,4.310e+0,1.257e+1,
596.4,1.639e+1,3.886e+0,1.251e+1,
596.7,1.554e+1,3.290e+0,1.225e+1,
596.9,1.489e+1,2.920e+0,1.197e+1,
597.2,1.383e+1,2.414e+0,1.141e+1,
597.4,1.307e+1,2.109e+0,1.096e+1,
597.7,1.189e+1,1.701e+0,1.019e+1,
597.9,1.108e+1,1.462e+0,9.619e+0,
598.2,9.866e+0,1.150e+0,8.716e+0,
598.4,9.067e+0,9.714e-1,8.096e+0,
598.7,7.905e+0,7.446e-1,7.161e+0,
598.9,7.165e+0,6.181e-1,6.547e+0,
599.2,6.120e+0,4.613e-1,5.659e+0,
599.4,5.473e+0,3.761e-1,5.097e+0,
599.7,4.583e+0,2.731e-1,4.310e+0,
599.9,4.045e+0,2.185e-1,3.827e+0,
