,Wavelength,Sum,F II (1.0e+00),F III (1.8e-11)
0,221.22,3.0350000000000002e-22,3.0350000000000002e-22,0
1,221.27,4.316e-21,4.316e-21,0
2,221.32,5.549e-20,5.549e-20,0
3,221.37,6.45e-19,6.45e-19,0
4,221.42,6.777000000000001e-18,6.777000000000001e-18,0
5,221.47,6.436e-17,6.436e-17,0
6,221.52,5.525999999999999e-16,5.525999999999999e-16,0
7,221.57,4.289e-15,4.289e-15,0
8,221.62,3.0089999999999995e-14,3.0089999999999995e-14,0
9,221.67,1.909e-13,1.909e-13,0
10,221.72,1.094e-12,1.094e-12,0
11,221.77,5.672e-12,5.672e-12,0
12,221.82,2.6579999999999997e-11,2.6579999999999997e-11,0
13,221.87,1.1259999999999999e-10,1.1259999999999999e-10,0
14,221.92,4.31e-10,4.31e-10,0
15,221.97,1.492e-09,1.492e-09,0
16,222.02,4.668e-09,4.668e-09,0
17,222.07,1.32e-08,1.32e-08,0
18,222.12,3.3760000000000006e-08,3.3760000000000006e-08,0
19,222.17,7.802e-08,7.802e-08,0
20,222.22,1.6300000000000002e-07,1.6300000000000002e-07,0
21,222.27,3.079e-07,3.079e-07,0
22,222.32,5.258e-07,5.258e-07,0
23,222.37,8.115000000000001e-07,8.115000000000001e-07,0
24,222.42,1.1320000000000001e-06,1.1320000000000001e-06,0
25,222.47,1.4280000000000001e-06,1.4280000000000001e-06,0
26,222.52,1.629e-06,1.629e-06,0
27,222.57,1.6790000000000001e-06,1.6790000000000001e-06,0
28,222.62,1.564e-06,1.564e-06,0
29,222.67,1.3169999999999998e-06,1.3169999999999998e-06,0
30,222.72,1.003e-06,1.003e-06,0
31,222.77,6.905e-07,6.905e-07,0
32,222.82,4.297e-07,4.297e-07,0
33,222.87,2.417e-07,2.417e-07,0
34,222.92,1.229e-07,1.229e-07,0
35,222.97,5.649e-08,5.649e-08,0
36,223.02,2.347e-08,2.347e-08,0
37,223.07,8.816000000000001e-09,8.816000000000001e-09,0
38,223.12,2.994e-09,2.994e-09,0
39,223.17,9.189999999999999e-10,9.189999999999999e-10,0
40,223.22,2.5519999999999996e-10,2.5519999999999996e-10,0
41,223.27,6.572e-11,6.572e-11,0
42,223.32,2.6480000000000002e-11,2.6480000000000002e-11,0
43,223.37,7.686000000000001e-11,7.686000000000001e-11,0
44,223.42,4.132e-10,4.132e-10,0
45,223.47,2.086e-09,2.086e-09,0
46,223.52,9.548e-09,9.548e-09,0
47,223.57,3.9569999999999996e-08,3.9569999999999996e-08,0
48,223.62,1.4849999999999999e-07,1.4849999999999999e-07,0
49,223.67,5.043e-07,5.043e-07,0
50,223.72,1.5509999999999998e-06,1.5509999999999998e-06,0
51,223.77,4.318e-06,4.318e-06,0
52,223.82,1.088e-05,1.088e-05,0
53,223.87,2.484e-05,2.484e-05,0
54,223.92,5.133e-05,5.133e-05,0
55,223.97,9.602e-05,9.602e-05,0
56,224.02,0.0001626,0.0001626,0
57,224.07,0.00024940000000000004,0.00024940000000000004,0
58,224.12,0.00034619999999999996,0.00034619999999999996,0
59,224.17,0.0004352,0.0004352,0
60,224.22,0.0004952,0.0004952,0
61,224.27,0.0005102,0.0005102,0
62,224.32,0.00047589999999999997,0.00047589999999999997,0
63,224.37,0.0004019,0.0004019,0
64,224.42,0.0003073,0.0003073,0
65,224.47,0.00021269999999999997,0.00021269999999999997,0
66,224.52,0.00013330000000000001,0.00013330000000000001,0
67,224.57,7.564e-05,7.564e-05,0
68,224.62,3.886e-05,3.886e-05,0
69,224.67,1.807e-05,1.807e-05,0
70,224.72,7.61e-06,7.61e-06,0
71,224.77,2.9010000000000003e-06,2.9010000000000003e-06,0
72,224.82,1.001e-06,1.001e-06,0
73,224.87,3.129e-07,3.129e-07,0
74,224.92,8.853e-08,8.853e-08,0
75,224.97,2.2680000000000002e-08,2.2680000000000002e-08,0
76,225.02,5.258000000000001e-09,5.258000000000001e-09,0
77,225.07,1.104e-09,1.104e-09,0
78,225.12,2.0990000000000002e-10,2.0990000000000002e-10,0
79,225.17,3.612e-11,3.612e-11,0
80,225.22,5.627999999999999e-12,5.627999999999999e-12,0
81,225.27,7.939e-13,7.939e-13,0
82,225.32,1.014e-13,1.014e-13,0
83,225.37,1.172e-14,1.172e-14,0
84,225.42,1.227e-15,1.227e-15,0
85,225.47,1.163e-16,1.163e-16,0
86,225.52,9.982000000000001e-18,9.982000000000001e-18,0
87,225.57,7.754999999999999e-19,7.754999999999999e-19,0
88,225.62,5.454999999999999e-20,5.454999999999999e-20,0
89,291.19,6.286e-32,0,6.286e-32
90,291.24,4.856999999999999e-31,0,4.856999999999999e-31
91,291.29,3.541e-30,0,3.541e-30
92,291.34,2.4349999999999998e-29,0,2.4349999999999998e-29
93,291.39,1.5800000000000002e-28,0,1.5800000000000002e-28
94,291.44,9.67e-28,0,9.67e-28
95,291.49,5.5840000000000004e-27,0,5.5840000000000004e-27
96,291.54,3.042e-26,0,3.042e-26
97,291.59,1.563e-25,0,1.563e-25
98,291.64,7.580000000000001e-25,0,7.580000000000001e-25
99,291.69,3.4669999999999996e-24,0,3.4669999999999996e-24
100,291.74,1.4960000000000002e-23,0,1.4960000000000002e-23
101,291.79,6.091e-23,0,6.091e-23
102,291.84,2.339e-22,0,2.339e-22
103,291.89,8.477e-22,0,8.477e-22
104,291.94,2.898e-21,0,2.898e-21
105,291.99,9.345e-21,0,9.345e-21
106,292.04,2.8429999999999995e-20,0,2.8429999999999995e-20
107,292.09,8.16e-20,0,8.16e-20
108,292.14,2.21e-19,0,2.21e-19
109,292.19,5.645000000000001e-19,0,5.645000000000001e-19
110,292.24,1.361e-18,0,1.361e-18
111,292.29,3.094e-18,0,3.094e-18
112,292.34,6.637e-18,0,6.637e-18
113,292.39,1.343e-17,0,1.343e-17
114,292.44,2.565e-17,0,2.565e-17
115,292.49,4.622e-17,0,4.622e-17
116,292.54,7.859e-17,0,7.859e-17
117,292.59,1.261e-16,0,1.261e-16
118,292.64,1.909e-16,0,1.909e-16
119,292.69,2.7289999999999996e-16,0,2.7289999999999996e-16
120,292.74,3.682e-16,0,3.682e-16
121,292.79,4.693000000000001e-16,0,4.693000000000001e-16
122,292.84,5.652e-16,0,5.652e-16
123,292.89,6.435999999999999e-16,0,6.435999999999999e-16
124,292.94,6.936e-16,0,6.936e-16
125,292.99,7.083999999999999e-16,0,7.083999999999999e-16
126,293.04,6.867999999999999e-16,0,6.867999999999999e-16
127,293.09,6.335e-16,0,6.335e-16
128,293.14,5.577000000000001e-16,0,5.577000000000001e-16
129,293.19,4.703000000000001e-16,0,4.703000000000001e-16
130,293.24,3.815e-16,0,3.815e-16
131,293.29,2.9900000000000003e-16,0,2.9900000000000003e-16
132,293.35,2.146e-16,0,2.146e-16
133,293.4,1.58e-16,0,1.58e-16
134,293.45,1.134e-16,0,1.134e-16
135,293.5,7.922e-17,0,7.922e-17
136,293.55,5.373e-17,0,5.373e-17
137,293.6,3.524e-17,0,3.524e-17
138,293.65,2.224e-17,0,2.224e-17
139,293.7,1.346e-17,0,1.346e-17
140,293.75,7.777000000000001e-18,0,7.777000000000001e-18
141,293.8,4.277e-18,0,4.277e-18
142,293.85,2.2340000000000002e-18,0,2.2340000000000002e-18
143,293.9,1.106e-18,0,1.106e-18
144,293.95,5.185000000000001e-19,0,5.185000000000001e-19
145,294.0,2.298e-19,0,2.298e-19
146,294.05,9.628999999999999e-20,0,9.628999999999999e-20
147,294.1,3.8110000000000006e-20,0,3.8110000000000006e-20
148,294.15,1.424e-20,0,1.424e-20
149,294.2,5.024e-21,0,5.024e-21
150,294.25,1.673e-21,0,1.673e-21
151,294.3,5.258e-22,0,5.258e-22
152,294.35,1.56e-22,0,1.56e-22
153,294.4,4.3649999999999994e-23,0,4.3649999999999994e-23
154,294.45,1.153e-23,0,1.153e-23
155,294.5,2.8730000000000005e-24,0,2.8730000000000005e-24
156,294.55,6.755e-25,0,6.755e-25
157,294.6,1.4990000000000001e-25,0,1.4990000000000001e-25
158,294.65,3.138e-26,0,3.138e-26
159,294.7,6.197000000000001e-27,0,6.197000000000001e-27
160,294.75,1.155e-27,0,1.155e-27
161,294.8,2.031e-28,0,2.031e-28
162,294.85,3.37e-29,0,3.37e-29
163,294.9,5.275e-30,0,5.275e-30
164,294.95,7.7919999999999995e-31,0,7.7919999999999995e-31
165,295.0,1.0859999999999998e-31,0,1.0859999999999998e-31
166,295.05,1.4280000000000002e-32,0,1.4280000000000002e-32
167,301.65,2.586e-41,0,2.586e-41
168,301.7,1.778e-40,0,1.778e-40
169,301.75,1.1569999999999999e-39,0,1.1569999999999999e-39
170,301.8,7.134999999999999e-39,0,7.134999999999999e-39
171,301.85,4.1669999999999997e-38,0,4.1669999999999997e-38
172,301.9,2.305e-37,0,2.305e-37
173,301.95,1.207e-36,0,1.207e-36
174,302.0,5.991000000000001e-36,0,5.991000000000001e-36
175,302.05,2.816e-35,0,2.816e-35
176,302.1,1.253e-34,0,1.253e-34
177,302.15,5.283999999999999e-34,0,5.283999999999999e-34
178,302.2,2.11e-33,0,2.11e-33
179,302.25,7.981e-33,0,7.981e-33
180,302.3,2.859e-32,0,2.859e-32
181,302.35,9.701e-32,0,9.701e-32
182,302.4,3.1179999999999997e-31,0,3.1179999999999997e-31
183,302.45,9.49e-31,0,9.49e-31
184,302.5,2.7360000000000002e-30,0,2.7360000000000002e-30
185,302.55,7.472e-30,0,7.472e-30
186,302.6,1.933e-29,0,1.933e-29
187,302.65,4.736e-29,0,4.736e-29
188,302.7,1.099e-28,0,1.099e-28
189,302.75,2.4169999999999997e-28,0,2.4169999999999997e-28
190,302.8,5.0370000000000005e-28,0,5.0370000000000005e-28
191,302.85,9.949e-28,0,9.949e-28
192,302.9,1.864e-27,0,1.864e-27
193,302.95,3.3140000000000005e-27,0,3.3140000000000005e-27
194,303.0,5.6010000000000005e-27,0,5.6010000000000005e-27
195,303.05,9.021e-27,0,9.021e-27
196,303.1,1.3890000000000002e-26,0,1.3890000000000002e-26
197,303.15,2.059e-26,0,2.059e-26
198,303.2,2.961e-26,0,2.961e-26
199,303.25,4.1790000000000003e-26,0,4.1790000000000003e-26
200,303.3,5.868e-26,0,5.868e-26
201,303.35,8.298999999999999e-26,0,8.298999999999999e-26
202,303.4,1.19e-25,0,1.19e-25
203,303.45,1.727e-25,0,1.727e-25
204,303.5,2.512e-25,0,2.512e-25
205,303.55,3.616e-25,0,3.616e-25
206,303.6,5.087e-25,0,5.087e-25
207,303.65,6.921000000000001e-25,0,6.921000000000001e-25
208,303.7,9.041e-25,0,9.041e-25
209,303.75,1.1290000000000001e-24,0,1.1290000000000001e-24
210,303.8,1.3419999999999999e-24,0,1.3419999999999999e-24
211,303.85,1.5180000000000001e-24,0,1.5180000000000001e-24
212,303.9,1.63e-24,0,1.63e-24
213,303.95,1.662e-24,0,1.662e-24
214,304.0,1.607e-24,0,1.607e-24
215,304.05,1.475e-24,0,1.475e-24
216,304.1,1.284e-24,0,1.284e-24
217,304.15,1.0600000000000001e-24,0,1.0600000000000001e-24
218,304.2,8.294e-25,0,8.294e-25
219,304.25,6.158e-25,0,6.158e-25
220,304.3,4.335e-25,0,4.335e-25
221,304.35,2.8949999999999996e-25,0,2.8949999999999996e-25
222,304.4,1.833e-25,0,1.833e-25
223,304.45,1.0999999999999999e-25,0,1.0999999999999999e-25
224,304.5,6.266000000000001e-26,0,6.266000000000001e-26
225,304.55,3.383999999999999e-26,0,3.383999999999999e-26
226,304.6,1.7330000000000002e-26,0,1.7330000000000002e-26
227,304.65,8.412000000000002e-27,0,8.412000000000002e-27
228,304.7,3.873e-27,0,3.873e-27
229,304.75,1.691e-27,0,1.691e-27
230,304.8,7.001e-28,0,7.001e-28
231,304.85,2.748e-28,0,2.748e-28
232,304.9,1.023e-28,0,1.023e-28
233,304.95,3.61e-29,0,3.61e-29
234,305.0,1.2079999999999999e-29,0,1.2079999999999999e-29
235,305.05,3.832e-30,0,3.832e-30
236,305.1,1.1529999999999998e-30,0,1.1529999999999998e-30
237,305.15,3.2869999999999995e-31,0,3.2869999999999995e-31
238,305.2,8.886000000000001e-32,0,8.886000000000001e-32
239,305.25,2.2769999999999995e-32,0,2.2769999999999995e-32
240,305.3,5.533e-33,0,5.533e-33
241,305.35,1.2740000000000001e-33,0,1.2740000000000001e-33
242,305.4,2.7819999999999995e-34,0,2.7819999999999995e-34
243,305.45,5.758e-35,0,5.758e-35
244,305.5,1.1300000000000001e-35,0,1.1300000000000001e-35
245,305.55,2.101e-36,0,2.101e-36
246,305.6,3.702e-37,0,3.702e-37
247,305.65,6.184999999999999e-38,0,6.184999999999999e-38
248,305.7,9.793e-39,0,9.793e-39
249,305.75,1.47e-39,0,1.47e-39
250,305.8,1.852e-40,0,1.852e-40
251,309.5,1.086e-37,0,1.086e-37
252,309.55,7.207e-37,0,7.207e-37
253,309.6,4.5439999999999995e-36,0,4.5439999999999995e-36
254,309.65,2.721e-35,0,2.721e-35
255,309.7,1.5489999999999999e-34,0,1.5489999999999999e-34
256,309.75,8.367e-34,0,8.367e-34
257,309.8,4.293e-33,0,4.293e-33
258,309.85,2.092e-32,0,2.092e-32
259,309.9,9.685e-32,0,9.685e-32
260,309.95,4.257999999999999e-31,0,4.257999999999999e-31
261,310.0,1.779e-30,0,1.779e-30
262,310.05,7.056e-30,0,7.056e-30
263,310.1,2.659e-29,0,2.659e-29
264,310.15,9.521999999999999e-29,0,9.521999999999999e-29
265,310.2,3.239e-28,0,3.239e-28
266,310.25,1.047e-27,0,1.047e-27
267,310.3,3.2159999999999995e-27,0,3.2159999999999995e-27
268,310.35,9.387999999999999e-27,0,9.387999999999999e-27
269,310.4,2.6049999999999995e-26,0,2.6049999999999995e-26
270,310.45,6.873e-26,0,6.873e-26
271,310.5,1.724e-25,0,1.724e-25
272,310.55,4.1160000000000003e-25,0,4.1160000000000003e-25
273,310.6,9.348000000000001e-25,0,9.348000000000001e-25
274,310.65,2.021e-24,0,2.021e-24
275,310.7,4.1619999999999996e-24,0,4.1619999999999996e-24
276,310.75,8.17e-24,0,8.17e-24
277,310.8,1.529e-23,0,1.529e-23
278,310.85,2.732e-23,0,2.732e-23
279,310.9,4.6619999999999997e-23,0,4.6619999999999997e-23
280,310.95,7.606000000000001e-23,0,7.606000000000001e-23
281,311.0,1.188e-22,0,1.188e-22
282,311.05,1.776e-22,0,1.776e-22
283,311.1,2.547e-22,0,2.547e-22
284,311.15,3.5060000000000004e-22,0,3.5060000000000004e-22
285,311.2,4.634e-22,0,4.634e-22
286,311.25,5.885e-22,0,5.885e-22
287,311.3,7.184e-22,0,7.184e-22
288,311.35,8.430999999999999e-22,0,8.430999999999999e-22
289,311.4,9.515e-22,0,9.515e-22
290,311.45,1.033e-21,0,1.033e-21
291,311.5,1.081e-21,0,1.081e-21
292,311.55,1.093e-21,0,1.093e-21
293,311.6,1.0720000000000001e-21,0,1.0720000000000001e-21
294,311.65,1.0319999999999999e-21,0,1.0319999999999999e-21
295,311.7,9.88e-22,0,9.88e-22
296,311.75,9.597e-22,0,9.597e-22
297,311.8,9.644e-22,0,9.644e-22
298,311.85,1.013e-21,0,1.013e-21
299,311.9,1.1070000000000001e-21,0,1.1070000000000001e-21
300,311.95,1.236e-21,0,1.236e-21
301,312.0,1.382e-21,0,1.382e-21
302,312.05,1.52e-21,0,1.52e-21
303,312.1,1.6249999999999998e-21,0,1.6249999999999998e-21
304,312.15,1.677e-21,0,1.677e-21
305,312.2,1.666e-21,0,1.666e-21
306,312.25,1.5930000000000002e-21,0,1.5930000000000002e-21
307,312.3,1.467e-21,0,1.467e-21
308,312.35,1.306e-21,0,1.306e-21
309,312.4,1.126e-21,0,1.126e-21
310,312.45,9.444e-22,0,9.444e-22
311,312.5,7.725e-22,0,7.725e-22
312,312.55,6.174e-22,0,6.174e-22
313,312.6,4.827e-22,0,4.827e-22
314,312.65,3.689e-22,0,3.689e-22
315,312.7,2.755e-22,0,2.755e-22
316,312.75,2.016e-22,0,2.016e-22
317,312.8,1.462e-22,0,1.462e-22
318,312.85,1.082e-22,0,1.082e-22
319,312.9,8.701e-23,0,8.701e-23
320,312.95,8.202e-23,0,8.202e-23
321,313.0,9.265999999999999e-23,0,9.265999999999999e-23
322,313.05,1.181e-22,0,1.181e-22
323,313.1,1.569e-22,0,1.569e-22
324,313.15,2.062e-22,0,2.062e-22
325,313.2,2.619e-22,0,2.619e-22
326,313.25,3.181e-22,0,3.181e-22
327,313.3,3.6820000000000003e-22,0,3.6820000000000003e-22
328,313.35,4.053e-22,0,4.053e-22
329,313.4,4.242e-22,0,4.242e-22
330,313.45,4.221e-22,0,4.221e-22
331,313.5,3.9910000000000006e-22,0,3.9910000000000006e-22
332,313.55,3.586e-22,0,3.586e-22
333,313.6,3.063e-22,0,3.063e-22
334,313.65,2.486e-22,0,2.486e-22
335,313.7,1.918e-22,0,1.918e-22
336,313.75,1.4069999999999997e-22,0,1.4069999999999997e-22
337,313.8,9.826999999999999e-23,0,9.826999999999999e-23
338,313.85,6.556999999999999e-23,0,6.556999999999999e-23
339,313.9,4.2310000000000005e-23,0,4.2310000000000005e-23
340,313.95,2.739e-23,0,2.739e-23
341,314.0,1.953e-23,0,1.953e-23
342,314.05,1.778e-23,0,1.778e-23
343,314.1,2.173e-23,0,2.173e-23
344,314.15,3.161e-23,0,3.161e-23
345,314.2,4.817e-23,0,4.817e-23
346,314.25,7.235e-23,0,7.235e-23
347,314.3,1.0479999999999999e-22,0,1.0479999999999999e-22
348,314.35,1.456e-22,0,1.456e-22
349,314.4,1.934e-22,0,1.934e-22
350,314.45,2.453e-22,0,2.453e-22
351,314.5,2.972e-22,0,2.972e-22
352,314.55,3.438e-22,0,3.438e-22
353,314.6,3.793e-22,0,3.793e-22
354,314.65,3.9929999999999998e-22,0,3.9929999999999998e-22
355,314.7,4.008e-22,0,4.008e-22
356,314.75,3.836e-22,0,3.836e-22
357,314.8,3.4980000000000004e-22,0,3.4980000000000004e-22
358,314.85,3.0389999999999996e-22,0,3.0389999999999996e-22
359,314.9,2.5150000000000002e-22,0,2.5150000000000002e-22
360,314.95,1.982e-22,0,1.982e-22
361,315.0,1.4880000000000001e-22,0,1.4880000000000001e-22
362,315.05,1.063e-22,0,1.063e-22
363,315.1,7.233e-23,0,7.233e-23
364,315.15,4.686e-23,0,4.686e-23
365,315.2,2.8929999999999995e-23,0,2.8929999999999995e-23
366,315.25,1.704e-23,0,1.704e-23
367,315.3,9.613e-24,0,9.613e-24
368,315.35,5.224999999999999e-24,0,5.224999999999999e-24
369,315.4,2.773e-24,0,2.773e-24
370,315.45,1.473e-24,0,1.473e-24
371,315.5,8.118e-25,0,8.118e-25
372,315.55,4.835999999999999e-25,0,4.835999999999999e-25
373,315.6,3.182e-25,0,3.182e-25
374,315.65,2.292e-25,0,2.292e-25
375,315.7,1.786e-25,0,1.786e-25
376,315.75,1.551e-25,0,1.551e-25
377,315.8,1.6400000000000002e-25,0,1.6400000000000002e-25
378,315.85,2.2509999999999996e-25,0,2.2509999999999996e-25
379,315.9,3.756e-25,0,3.756e-25
380,315.95,6.757999999999999e-25,0,6.757999999999999e-25
381,316.0,1.2159999999999999e-24,0,1.2159999999999999e-24
382,316.05,2.117e-24,0,2.117e-24
383,316.1,3.528e-24,0,3.528e-24
384,316.15,5.604e-24,0,5.604e-24
385,316.2,8.476000000000002e-24,0,8.476000000000002e-24
386,316.25,1.2199999999999998e-23,0,1.2199999999999998e-23
387,316.3,1.67e-23,0,1.67e-23
388,316.35,2.1760000000000003e-23,0,2.1760000000000003e-23
389,316.4,2.698e-23,0,2.698e-23
390,316.45,3.184e-23,0,3.184e-23
391,316.5,3.578e-23,0,3.578e-23
392,316.55,3.837e-23,0,3.837e-23
393,316.6,3.9380000000000004e-23,0,3.9380000000000004e-23
394,316.65,3.8990000000000004e-23,0,3.8990000000000004e-23
395,316.7,3.786e-23,0,3.786e-23
396,316.75,3.721e-23,0,3.721e-23
397,316.8,3.885e-23,0,3.885e-23
398,316.85,4.5210000000000006e-23,0,4.5210000000000006e-23
399,316.9,5.924e-23,0,5.924e-23
400,316.95,8.423e-23,0,8.423e-23
401,317.0,1.234e-22,0,1.234e-22
402,317.05,1.793e-22,0,1.793e-22
403,317.1,2.528e-22,0,2.528e-22
404,317.15,3.423e-22,0,3.423e-22
405,317.2,4.428999999999999e-22,0,4.428999999999999e-22
406,317.25,5.467e-22,0,5.467e-22
407,317.3,6.430000000000001e-22,0,6.430000000000001e-22
408,317.35,7.206e-22,0,7.206e-22
409,317.4,7.69e-22,0,7.69e-22
410,317.45,7.817e-22,0,7.817e-22
411,317.5,7.567999999999999e-22,0,7.567999999999999e-22
412,317.55,6.977000000000001e-22,0,6.977000000000001e-22
413,317.6,6.127e-22,0,6.127e-22
414,317.65,5.124e-22,0,5.124e-22
415,317.7,4.082e-22,0,4.082e-22
416,317.75,3.097e-22,0,3.097e-22
417,317.8,2.237e-22,0,2.237e-22
418,317.85,1.5400000000000001e-22,0,1.5400000000000001e-22
419,317.9,1.009e-22,0,1.009e-22
420,317.95,6.301e-23,0,6.301e-23
421,318.0,3.7460000000000003e-23,0,3.7460000000000003e-23
422,318.05,2.122e-23,0,2.122e-23
423,318.1,1.144e-23,0,1.144e-23
424,318.15,5.878999999999999e-24,0,5.878999999999999e-24
425,318.2,2.8769999999999998e-24,0,2.8769999999999998e-24
426,318.25,1.3409999999999999e-24,0,1.3409999999999999e-24
427,318.3,5.95e-25,0,5.95e-25
428,318.35,1.2459999999999999e-21,1.2459999999999999e-21,2.515e-25
429,318.4,7.978999999999999e-21,7.978999999999999e-21,1.0129999999999999e-25
430,318.45,4.868e-20,4.868e-20,3.882e-26
431,318.5,2.828e-19,2.828e-19,1.4180000000000002e-26
432,318.55,1.5650000000000001e-18,1.5650000000000001e-18,4.929999999999999e-27
433,318.6,8.25e-18,8.25e-18,1.633e-27
434,318.65,4.142e-17,4.142e-17,5.149e-28
435,318.7,1.98e-16,1.98e-16,1.547e-28
436,318.75,9.017e-16,9.017e-16,4.424e-29
437,318.8,3.911e-15,3.911e-15,1.205e-29
438,318.85,1.615e-14,1.615e-14,3.125e-30
439,318.9,6.355e-14,6.355e-14,7.718e-31
440,318.95,2.381e-13,2.381e-13,1.8149999999999998e-31
441,319.0,8.498e-13,8.498e-13,4.0650000000000003e-32
442,319.05,2.889e-12,2.889e-12,8.666e-33
443,319.1,9.351000000000001e-12,9.351000000000001e-12,1.759e-33
444,319.15,2.8829999999999996e-11,2.8829999999999996e-11,3.4010000000000003e-34
445,319.2,8.467e-11,8.467e-11,6.26e-35
446,319.25,2.368e-10,2.368e-10,1.097e-35
447,319.3,6.307999999999999e-10,6.307999999999999e-10,1.83e-36
448,319.35,1.6e-09,1.6e-09,2.9069999999999998e-37
449,319.4,3.867e-09,3.867e-09,3.7639999999999994e-38
450,319.45,8.9e-09,8.9e-09,5.657e-39
451,319.5,1.9509999999999997e-08,1.9509999999999997e-08,3.6469999999999996e-38
452,319.55,4.0720000000000003e-08,4.0720000000000003e-08,2.2399999999999996e-37
453,319.6,8.097000000000002e-08,8.097000000000002e-08,1.3109999999999998e-36
454,319.65,1.533e-07,1.533e-07,7.309e-36
455,319.7,2.766e-07,2.766e-07,3.882e-35
456,319.75,4.7509999999999996e-07,4.7509999999999996e-07,1.965e-34
457,319.8,7.773000000000001e-07,7.773000000000001e-07,9.473999999999999e-34
458,319.85,1.211e-06,1.211e-06,4.3519999999999997e-33
459,319.9,1.7980000000000002e-06,1.7980000000000002e-06,1.905e-32
460,319.95,2.541e-06,2.541e-06,7.944e-32
461,320.0,3.4210000000000004e-06,3.4210000000000004e-06,3.1559999999999996e-31
462,320.05,4.386e-06,4.386e-06,1.195e-30
463,320.1,5.3570000000000005e-06,5.3570000000000005e-06,4.308999999999999e-30
464,320.15,6.23e-06,6.23e-06,1.4799999999999998e-29
465,320.2,6.902e-06,6.902e-06,4.847e-29
466,320.25,7.282000000000001e-06,7.282000000000001e-06,1.512e-28
467,320.3,7.317999999999999e-06,7.317999999999999e-06,4.492e-28
468,320.35,7.004e-06,7.004e-06,1.2720000000000002e-27
469,320.4,6.383999999999999e-06,6.383999999999999e-06,3.4310000000000004e-27
470,320.45,5.542999999999999e-06,5.542999999999999e-06,8.815999999999999e-27
471,320.5,4.583e-06,4.583e-06,2.1590000000000003e-26
472,320.55,3.6089999999999997e-06,3.6089999999999997e-06,5.036e-26
473,320.6,2.707e-06,2.707e-06,1.119e-25
474,320.65,1.934e-06,1.934e-06,2.3699999999999997e-25
475,320.7,1.316e-06,1.316e-06,4.782e-25
476,320.75,8.527e-07,8.527e-07,9.191e-25
477,320.8,5.263e-07,5.263e-07,1.683e-24
478,320.85,3.094e-07,3.094e-07,2.9369999999999996e-24
479,320.9,1.7320000000000002e-07,1.7320000000000002e-07,4.882e-24
480,320.95,9.236e-08,9.236e-08,7.733e-24
481,321.0,4.691e-08,4.691e-08,1.1669999999999999e-23
482,321.05,2.269e-08,2.269e-08,1.6780000000000002e-23
483,321.1,1.045e-08,1.045e-08,2.298e-23
484,321.15,4.586e-09,4.586e-09,2.999e-23
485,321.2,1.917e-09,1.917e-09,3.729e-23
486,321.25,7.628999999999999e-10,7.628999999999999e-10,4.417e-23
487,321.3,2.892e-10,2.892e-10,4.985e-23
488,321.35,1.0440000000000001e-10,1.0440000000000001e-10,5.361e-23
489,321.4,3.59e-11,3.59e-11,5.492e-23
490,321.45,1.176e-11,1.176e-11,5.361e-23
491,321.5,3.668e-12,3.668e-12,4.985e-23
492,321.55,1.09e-12,1.09e-12,4.417e-23
493,321.6,3.083e-13,3.083e-13,3.729e-23
494,321.65,8.309e-14,8.309e-14,2.999e-23
495,321.7,2.1330000000000002e-14,2.1330000000000002e-14,2.298e-23
496,321.75,5.214e-15,5.214e-15,1.6780000000000002e-23
497,321.8,1.214e-15,1.214e-15,1.1669999999999999e-23
498,321.85,2.6919999999999997e-16,2.6919999999999997e-16,7.733e-24
499,321.9,5.685e-17,5.685e-17,4.882e-24
500,321.95,1.144e-17,1.144e-17,2.9369999999999996e-24
501,322.0,2.1909999999999997e-18,2.1909999999999997e-18,1.683e-24
502,322.05,3.998e-19,3.998e-19,9.191e-25
503,322.1,6.948e-20,6.948e-20,4.782e-25
504,322.15,1.15e-20,1.15e-20,2.3699999999999997e-25
505,322.2,1.813e-21,1.813e-21,1.119e-25
506,322.25,5.036e-26,0,5.036e-26
507,322.3,2.1590000000000003e-26,0,2.1590000000000003e-26
508,322.35,8.815999999999999e-27,0,8.815999999999999e-27
509,322.4,3.4310000000000004e-27,0,3.4310000000000004e-27
510,322.45,1.2720000000000002e-27,0,1.2720000000000002e-27
511,322.5,4.492e-28,0,4.492e-28
512,322.55,1.512e-28,0,1.512e-28
513,322.6,4.847e-29,0,4.847e-29
514,322.65,1.4799999999999998e-29,0,1.4799999999999998e-29
515,322.7,4.308999999999999e-30,0,4.308999999999999e-30
516,322.75,1.195e-30,0,1.195e-30
517,322.8,3.1559999999999996e-31,0,3.1559999999999996e-31
518,322.85,7.944e-32,0,7.944e-32
519,322.9,1.905e-32,0,1.905e-32
520,322.95,4.3519999999999997e-33,0,4.3519999999999997e-33
521,323.0,9.473999999999999e-34,0,9.473999999999999e-34
522,323.05,1.965e-34,0,1.965e-34
523,323.1,3.882e-35,0,3.882e-35
524,323.15,7.309e-36,0,7.309e-36
525,323.2,1.3109999999999998e-36,0,1.3109999999999998e-36
526,323.25,2.2399999999999996e-37,0,2.2399999999999996e-37
527,323.3,3.6469999999999996e-38,0,3.6469999999999996e-38
528,323.35,5.657e-39,0,5.657e-39
529,348.01,1.5480000000000002e-21,1.5480000000000002e-21,0
530,348.06,3.573e-20,3.573e-20,0
531,348.11,1.917e-19,1.917e-19,0
532,348.16,9.886e-19,9.886e-19,0
533,348.21,4.928e-18,4.928e-18,0
534,348.26,2.343e-17,2.343e-17,0
535,348.31,1.069e-16,1.069e-16,0
536,348.36,4.686e-16,4.686e-16,0
537,348.41,1.9719999999999997e-15,1.9719999999999997e-15,0
538,348.46,7.971e-15,7.971e-15,0
539,348.51,3.094e-14,3.094e-14,0
540,348.56,1.154e-13,1.154e-13,0
541,348.61,4.13e-13,4.13e-13,0
542,348.66,1.4199999999999998e-12,1.4199999999999998e-12,0
543,348.71,4.692000000000001e-12,4.692000000000001e-12,0
544,348.76,1.489e-11,1.489e-11,0
545,348.81,4.538e-11,4.538e-11,0
546,348.86,1.329e-10,1.329e-10,0
547,348.91,3.7400000000000005e-10,3.7400000000000005e-10,0
548,348.96,1.011e-09,1.011e-09,0
549,349.01,2.6279999999999996e-09,2.6279999999999996e-09,0
550,349.06,6.563e-09,6.563e-09,0
551,349.11,1.5759999999999997e-08,1.5759999999999997e-08,0
552,349.16,3.637e-08,3.637e-08,0
553,349.21,8.071e-08,8.071e-08,0
554,349.26,1.723e-07,1.723e-07,0
555,349.31,3.537e-07,3.537e-07,0
556,349.36,6.986e-07,6.986e-07,0
557,349.41,1.328e-06,1.328e-06,0
558,349.46,2.431e-06,2.431e-06,0
559,349.51,4.283e-06,4.283e-06,0
560,349.56,7.271e-06,7.271e-06,0
561,349.61,1.189e-05,1.189e-05,0
562,349.66,1.876e-05,1.876e-05,0
563,349.71,2.854e-05,2.854e-05,0
564,349.76,4.19e-05,4.19e-05,0
565,349.81,5.941e-05,5.941e-05,0
566,349.86,8.142e-05,8.142e-05,0
567,349.91,0.0001079,0.0001079,0
568,349.96,0.00013859999999999998,0.00013859999999999998,0
569,350.01,0.0001724,0.0001724,0
570,350.06,0.0002082,0.0002082,0
571,350.11,0.00024419999999999997,0.00024419999999999997,0
572,350.16,0.0002788,0.0002788,0
573,350.21,0.0003099,0.0003099,0
574,350.26,0.00033580000000000003,0.00033580000000000003,0
575,350.31,0.0003551,0.0003551,0
576,350.36,0.00036639999999999996,0.00036639999999999996,0
577,350.41,0.0003691,0.0003691,0
578,350.46,0.00036289999999999993,0.00036289999999999993,0
579,350.51,0.0003478,0.0003478,0
580,350.56,0.0003247,0.0003247,0
581,350.61,0.00029489999999999996,0.00029489999999999996,0
582,350.66,0.0002602,0.0002602,0
583,350.71,0.0002227,0.0002227,0
584,350.76,0.0001846,0.0001846,0
585,350.81,0.000148,0.000148,0
586,350.86,0.0001147,0.0001147,0
587,350.91,8.582e-05,8.582e-05,0
588,350.96,6.191e-05,6.191e-05,0
589,351.01,4.304e-05,4.304e-05,0
590,351.06,2.881e-05,2.881e-05,0
591,351.11,1.856e-05,1.856e-05,0
592,351.16,1.151e-05,1.151e-05,0
593,351.21,6.857999999999999e-06,6.857999999999999e-06,0
594,351.26,3.93e-06,3.93e-06,0
595,351.31,2.165e-06,2.165e-06,0
596,351.36,1.146e-06,1.146e-06,0
597,351.41,5.828000000000001e-07,5.828000000000001e-07,0
598,351.46,2.848e-07,2.848e-07,0
599,351.51,1.336e-07,1.336e-07,0
600,351.56,6.025e-08,6.025e-08,0
601,351.61,2.6080000000000003e-08,2.6080000000000003e-08,0
602,351.66,1.085e-08,1.085e-08,0
603,351.71,4.331e-09,4.331e-09,0
604,351.76,1.661e-09,1.661e-09,0
605,351.81,6.115e-10,6.115e-10,0
606,351.86,2.1620000000000001e-10,2.1620000000000001e-10,0
607,351.91,7.341e-11,7.341e-11,0
608,351.96,2.395e-11,2.395e-11,0
609,352.01,7.542999999999999e-12,7.542999999999999e-12,0
610,352.06,2.4239999999999998e-12,2.4239999999999998e-12,0
611,352.11,1.195e-12,1.195e-12,0
612,352.16,1.839e-12,1.839e-12,0
613,352.21,4.906000000000001e-12,4.906000000000001e-12,0
614,352.26,1.369e-11,1.369e-11,0
615,352.31,3.703e-11,3.703e-11,0
616,352.36,9.641e-11,9.641e-11,0
617,352.41,2.415e-10,2.415e-10,0
618,352.46,5.820000000000001e-10,5.820000000000001e-10,0
619,352.51,1.35e-09,1.35e-09,0
620,352.56,3.0120000000000004e-09,3.0120000000000004e-09,0
621,352.61,6.471e-09,6.471e-09,0
622,352.66,1.339e-08,1.339e-08,0
623,352.71,2.6669999999999997e-08,2.6669999999999997e-08,0
624,352.76,5.119e-08,5.119e-08,0
625,352.81,9.467e-08,9.467e-08,0
626,352.86,1.688e-07,1.688e-07,0
627,352.91,2.9010000000000004e-07,2.9010000000000004e-07,0
628,352.96,4.81e-07,4.81e-07,0
629,353.01,7.694e-07,7.694e-07,0
630,353.06,1.1879999999999999e-06,1.1879999999999999e-06,0
631,353.11,1.7709999999999999e-06,1.7709999999999999e-06,0
632,353.16,2.551e-06,2.551e-06,0
633,353.21,3.55e-06,3.55e-06,0
634,353.26,4.777e-06,4.777e-06,0
635,353.31,6.218e-06,6.218e-06,0
636,353.36,7.836000000000001e-06,7.836000000000001e-06,0
637,353.41,9.567e-06,9.567e-06,0
638,353.46,1.133e-05,1.133e-05,0
639,353.51,1.303e-05,1.303e-05,0
640,353.56,1.46e-05,1.46e-05,0
641,353.61,1.596e-05,1.596e-05,0
642,353.66,1.709e-05,1.709e-05,0
643,353.71,1.8e-05,1.8e-05,0
644,353.76,1.873e-05,1.873e-05,0
645,353.81,1.936e-05,1.936e-05,0
646,353.86,1.996e-05,1.996e-05,0
647,353.91,2.055e-05,2.055e-05,0
648,353.96,2.116e-05,2.116e-05,0
649,354.01,2.173e-05,2.173e-05,0
650,354.06,2.218e-05,2.218e-05,0
651,354.11,2.238e-05,2.238e-05,0
652,354.16,2.223e-05,2.223e-05,0
653,354.21,2.165e-05,2.165e-05,0
654,354.26,2.059e-05,2.059e-05,0
655,354.31,1.909e-05,1.909e-05,0
656,354.36,1.722e-05,1.722e-05,0
657,354.41,1.511e-05,1.511e-05,0
658,354.46,1.288e-05,1.288e-05,0
659,354.51,1.068e-05,1.068e-05,0
660,354.56,8.609e-06,8.609e-06,0
661,354.61,6.7529999999999995e-06,6.7529999999999995e-06,0
662,354.66,5.156e-06,5.156e-06,0
663,354.71,3.833e-06,3.833e-06,0
664,354.76,2.776e-06,2.776e-06,0
665,354.81,1.958e-06,1.958e-06,0
666,354.86,1.345e-06,1.345e-06,0
667,354.91,8.994e-07,8.994e-07,0
668,354.96,5.852e-07,5.852e-07,0
669,355.01,3.7030000000000003e-07,3.7030000000000003e-07,0
670,355.07,2.0579999999999998e-07,2.0579999999999998e-07,0
671,355.12,1.2210000000000001e-07,1.2210000000000001e-07,0
672,355.17,7.027999999999999e-08,7.027999999999999e-08,0
673,355.22,3.9219999999999996e-08,3.9219999999999996e-08,0
674,355.27,2.121e-08,2.121e-08,0
675,355.32,1.1100000000000002e-08,1.1100000000000002e-08,0
676,355.37,5.628e-09,5.628e-09,0
677,355.42,2.7600000000000004e-09,2.7600000000000004e-09,0
678,355.47,1.309e-09,1.309e-09,0
679,355.52,6.006e-10,6.006e-10,0
680,355.57,2.663e-10,2.663e-10,0
681,355.62,1.141e-10,1.141e-10,0
682,355.67,4.7229999999999995e-11,4.7229999999999995e-11,0
683,355.72,1.888e-11,1.888e-11,0
684,355.77,7.29e-12,7.29e-12,0
685,355.82,2.717e-12,2.717e-12,0
686,355.87,9.772e-13,9.772e-13,0
687,355.92,3.391e-13,3.391e-13,0
688,355.97,1.135e-13,1.135e-13,0
689,356.02,3.662e-14,3.662e-14,0
690,356.07,1.1390000000000001e-14,1.1390000000000001e-14,0
691,356.12,3.4159999999999995e-15,3.4159999999999995e-15,0
692,356.17,9.867e-16,9.867e-16,0
693,356.22,2.7460000000000006e-16,2.7460000000000006e-16,0
694,356.27,7.358e-17,7.358e-17,0
695,356.32,1.898e-17,1.898e-17,0
696,356.37,4.715e-18,4.715e-18,0
697,356.42,1.127e-18,1.127e-18,0
698,356.47,2.593e-19,2.593e-19,0
699,356.52,5.741e-20,5.741e-20,0
700,356.57,1.2229999999999999e-20,1.2229999999999999e-20,0
701,356.62,2.3859999999999998e-21,2.3859999999999998e-21,0
702,356.67,4.729999999999999e-22,4.729999999999999e-22,0
703,356.72,9.011000000000001e-23,9.011000000000001e-23,0
704,361.92,4.4009999999999995e-23,4.4009999999999995e-23,0
705,361.97,2.22e-22,2.22e-22,0
706,362.02,1.114e-21,1.114e-21,0
707,362.07,5.231e-21,5.231e-21,0
708,362.12,2.3629999999999998e-20,2.3629999999999998e-20,0
709,362.17,1.029e-19,1.029e-19,0
710,362.22,4.3119999999999997e-19,4.3119999999999997e-19,0
711,362.27,1.741e-18,1.741e-18,0
712,362.32,6.7710000000000004e-18,6.7710000000000004e-18,0
713,362.37,2.5369999999999997e-17,2.5369999999999997e-17,0
714,362.42,9.157e-17,9.157e-17,0
715,362.47,3.1839999999999996e-16,3.1839999999999996e-16,0
716,362.52,1.066e-15,1.066e-15,0
717,362.57,3.4409999999999997e-15,3.4409999999999997e-15,0
718,362.62,1.07e-14,1.07e-14,0
719,362.67,3.2039999999999995e-14,3.2039999999999995e-14,0
720,362.72,9.247000000000001e-14,9.247000000000001e-14,0
721,362.77,2.571e-13,2.571e-13,0
722,362.82,6.89e-13,6.89e-13,0
723,362.87,1.7790000000000002e-12,1.7790000000000002e-12,0
724,362.92,4.427e-12,4.427e-12,0
725,362.97,1.062e-11,1.062e-11,0
726,363.02,2.4530000000000005e-11,2.4530000000000005e-11,0
727,363.07,5.465e-11,5.465e-11,0
728,363.12,1.174e-10,1.174e-10,0
729,363.17,2.43e-10,2.43e-10,0
730,363.22,4.849e-10,4.849e-10,0
731,363.27,9.33e-10,9.33e-10,0
732,363.32,1.7310000000000001e-09,1.7310000000000001e-09,0
733,363.37,3.0980000000000003e-09,3.0980000000000003e-09,0
734,363.42,5.3459999999999995e-09,5.3459999999999995e-09,0
735,363.47,8.898e-09,8.898e-09,0
736,363.52,1.4290000000000001e-08,1.4290000000000001e-08,0
737,363.57,2.213e-08,2.213e-08,0
738,363.62,3.308e-08,3.308e-08,0
739,363.67,4.771e-08,4.771e-08,0
740,363.72,6.641e-08,6.641e-08,0
741,363.77,8.923e-08,8.923e-08,0
742,363.82,1.157e-07,1.157e-07,0
743,363.87,1.449e-07,1.449e-07,0
744,363.92,1.752e-07,1.752e-07,0
745,363.97,2.0449999999999998e-07,2.0449999999999998e-07,0
746,364.02,2.306e-07,2.306e-07,0
747,364.07,2.511e-07,2.511e-07,0
748,364.12,2.641e-07,2.641e-07,0
749,364.17,2.683e-07,2.683e-07,0
750,364.22,2.633e-07,2.633e-07,0
751,364.27,2.4969999999999997e-07,2.4969999999999997e-07,0
752,364.32,2.287e-07,2.287e-07,0
753,364.37,2.0239999999999999e-07,2.0239999999999999e-07,0
754,364.42,1.7309999999999998e-07,1.7309999999999998e-07,0
755,364.47,1.43e-07,1.43e-07,0
756,364.52,1.141e-07,1.141e-07,0
757,364.57,8.795999999999999e-08,8.795999999999999e-08,0
758,364.62,6.551e-08,6.551e-08,0
759,364.67,4.7119999999999994e-08,4.7119999999999994e-08,0
760,364.72,3.2739999999999994e-08,3.2739999999999994e-08,0
761,364.77,2.1959999999999996e-08,2.1959999999999996e-08,0
762,364.82,1.423e-08,1.423e-08,0
763,364.87,8.903e-09,8.903e-09,0
764,364.92,5.377e-09,5.377e-09,0
765,364.97,3.135e-09,3.135e-09,0
766,365.02,1.765e-09,1.765e-09,0
767,365.07,9.585e-10,9.585e-10,0
768,365.12,5.024e-10,5.024e-10,0
769,365.17,2.541e-10,2.541e-10,0
770,365.22,1.2399999999999999e-10,1.2399999999999999e-10,0
771,365.27,5.838000000000001e-11,5.838000000000001e-11,0
772,365.32,2.651e-11,2.651e-11,0
773,365.37,1.161e-11,1.161e-11,0
774,365.42,4.906000000000001e-12,4.906000000000001e-12,0
775,365.47,1.998e-12,1.998e-12,0
776,365.52,7.85e-13,7.85e-13,0
777,365.57,2.973e-13,2.973e-13,0
778,365.62,1.086e-13,1.086e-13,0
779,365.67,3.821e-14,3.821e-14,0
780,365.72,1.2969999999999999e-14,1.2969999999999999e-14,0
781,365.77,4.240999999999999e-15,4.240999999999999e-15,0
782,365.82,1.3369999999999998e-15,1.3369999999999998e-15,0
783,365.87,4.0629999999999997e-16,4.0629999999999997e-16,0
784,365.92,1.1899999999999999e-16,1.1899999999999999e-16,0
785,365.97,3.357e-17,3.357e-17,0
786,366.02,9.129e-18,9.129e-18,0
787,366.07,2.392e-18,2.392e-18,0
788,366.12,6.04e-19,6.04e-19,0
789,366.17,1.4690000000000001e-19,1.4690000000000001e-19,0
790,366.22,3.4439999999999995e-20,3.4439999999999995e-20,0
791,366.27,7.778e-21,7.778e-21,0
792,366.32,1.686e-21,1.686e-21,0
793,366.37,3.536e-22,3.536e-22,0
794,366.42,6.642e-23,6.642e-23,0
795,366.47,1.299e-23,1.299e-23,0
796,382.42,7.425e-19,7.425e-19,0
797,382.47,3.43e-18,3.43e-18,0
798,382.52,1.5320000000000002e-17,1.5320000000000002e-17,0
799,382.57,6.616e-17,6.616e-17,0
800,382.62,2.762e-16,2.762e-16,0
801,382.67,1.115e-15,1.115e-15,0
802,382.72,4.351e-15,4.351e-15,0
803,382.77,1.641e-14,1.641e-14,0
804,382.82,5.986e-14,5.986e-14,0
805,382.87,2.111e-13,2.111e-13,0
806,382.92,7.195e-13,7.195e-13,0
807,382.97,2.371e-12,2.371e-12,0
808,383.02,7.556e-12,7.556e-12,0
809,383.07,2.3280000000000003e-11,2.3280000000000003e-11,0
810,383.12,6.933e-11,6.933e-11,0
811,383.17,1.996e-10,1.996e-10,0
812,383.22,5.558e-10,5.558e-10,0
813,383.27,1.4960000000000002e-09,1.4960000000000002e-09,0
814,383.32,3.893e-09,3.893e-09,0
815,383.37,9.794e-09,9.794e-09,0
816,383.42,2.383e-08,2.383e-08,0
817,383.47,5.6040000000000004e-08,5.6040000000000004e-08,0
818,383.52,1.274e-07,1.274e-07,0
819,383.57,2.803e-07,2.803e-07,0
820,383.62,5.959e-07,5.959e-07,0
821,383.67,1.225e-06,1.225e-06,0
822,383.72,2.4369999999999997e-06,2.4369999999999997e-06,0
823,383.77,4.6860000000000005e-06,4.6860000000000005e-06,0
824,383.82,8.715e-06,8.715e-06,0
825,383.87,1.568e-05,1.568e-05,0
826,383.92,2.729e-05,2.729e-05,0
827,383.97,4.595e-05,4.595e-05,0
828,384.02,7.487e-05,7.487e-05,0
829,384.07,0.00011810000000000001,0.00011810000000000001,0
830,384.12,0.00018030000000000002,0.00018030000000000002,0
831,384.17,0.0002665,0.0002665,0
832,384.22,0.00038169999999999995,0.00038169999999999995,0
833,384.27,0.0005297999999999999,0.0005297999999999999,0
834,384.32,0.0007131,0.0007131,0
835,384.37,0.0009311,0.0009311,0
836,384.42,0.00118,0.00118,0
837,384.47,0.001454,0.001454,0
838,384.52,0.0017420000000000003,0.0017420000000000003,0
839,384.57,0.002032,0.002032,0
840,384.62,0.002311,0.002311,0
841,384.67,0.002564,0.002564,0
842,384.72,0.002779,0.002779,0
843,384.77,0.0029460000000000003,0.0029460000000000003,0
844,384.82,0.003059,0.003059,0
845,384.87,0.003112,0.003112,0
846,384.92,0.003104,0.003104,0
847,384.97,0.003037,0.003037,0
848,385.02,0.002914,0.002914,0
849,385.07,0.002742,0.002742,0
850,385.12,0.002529,0.002529,0
851,385.17,0.002284,0.002284,0
852,385.22,0.002017,0.002017,0
853,385.27,0.0017420000000000003,0.0017420000000000003,0
854,385.32,0.001468,0.001468,0
855,385.37,0.001207,0.001207,0
856,385.42,0.0009673,0.0009673,0
857,385.47,0.0007547000000000001,0.0007547000000000001,0
858,385.52,0.0005727999999999999,0.0005727999999999999,0
859,385.57,0.00042270000000000003,0.00042270000000000003,0
860,385.62,0.0003031,0.0003031,0
861,385.67,0.00021109999999999998,0.00021109999999999998,0
862,385.72,0.00014269999999999997,0.00014269999999999997,0
863,385.77,9.362e-05,9.362e-05,0
864,385.82,5.958e-05,5.958e-05,0
865,385.87,3.677e-05,3.677e-05,0
866,385.93,1.977e-05,1.977e-05,0
867,385.98,1.139e-05,1.139e-05,0
868,386.03,6.36e-06,6.36e-06,0
869,386.08,3.44e-06,3.44e-06,0
870,386.13,1.8019999999999999e-06,1.8019999999999999e-06,0
871,386.18,9.142e-07,9.142e-07,0
872,386.23,4.4909999999999996e-07,4.4909999999999996e-07,0
873,386.28,2.136e-07,2.136e-07,0
874,386.33,9.832000000000001e-08,9.832000000000001e-08,0
875,386.38,4.381e-08,4.381e-08,0
876,386.43,1.889e-08,1.889e-08,0
877,386.48,7.884e-09,7.884e-09,0
878,386.53,3.184e-09,3.184e-09,0
879,386.58,1.244e-09,1.244e-09,0
880,386.63,4.702e-10,4.702e-10,0
881,386.68,1.719e-10,1.719e-10,0
882,386.73,6.083e-11,6.083e-11,0
883,386.78,2.081e-11,2.081e-11,0
884,386.83,6.888999999999999e-12,6.888999999999999e-12,0
885,386.88,2.206e-12,2.206e-12,0
886,386.93,6.829e-13,6.829e-13,0
887,386.98,2.045e-13,2.045e-13,0
888,387.03,5.922999999999999e-14,5.922999999999999e-14,0
889,387.08,1.6590000000000002e-14,1.6590000000000002e-14,0
890,387.13,4.494e-15,4.494e-15,0
891,387.18,1.177e-15,1.177e-15,0
892,387.23,2.982e-16,2.982e-16,0
893,387.28,7.304e-17,7.304e-17,0
894,387.33,1.73e-17,1.73e-17,0
895,387.38,3.929e-18,3.929e-18,0
896,387.43,8.711e-19,8.711e-19,0
897,387.48,1.867e-19,1.867e-19,0
898,400.03,6.533e-20,6.533e-20,0
899,400.08,3.1410000000000003e-19,3.1410000000000003e-19,0
900,400.13,1.427e-18,1.427e-18,0
901,400.18,5.98e-18,5.98e-18,0
902,400.23,2.431e-17,2.431e-17,0
903,400.28,9.581e-17,9.581e-17,0
904,400.33,3.662e-16,3.662e-16,0
905,400.38,1.357e-15,1.357e-15,0
906,400.43,4.88e-15,4.88e-15,0
907,400.48,1.7009999999999998e-14,1.7009999999999998e-14,0
908,400.53,5.75e-14,5.75e-14,0
909,400.58,1.885e-13,1.885e-13,0
910,400.63,5.994e-13,5.994e-13,0
911,400.68,1.8480000000000002e-12,1.8480000000000002e-12,0
912,400.73,5.526e-12,5.526e-12,0
913,400.78,1.602e-11,1.602e-11,0
914,400.83,4.507e-11,4.507e-11,0
915,400.88,1.229e-10,1.229e-10,0
916,400.93,3.2510000000000005e-10,3.2510000000000005e-10,0
917,400.98,8.34e-10,8.34e-10,0
918,401.03,2.075e-09,2.075e-09,0
919,401.08,5.007000000000001e-09,5.007000000000001e-09,0
920,401.13,1.172e-08,1.172e-08,0
921,401.18,2.659e-08,2.659e-08,0
922,401.23,5.854e-08,5.854e-08,0
923,401.28,1.25e-07,1.25e-07,0
924,401.33,2.588e-07,2.588e-07,0
925,401.38,5.197e-07,5.197e-07,0
926,401.43,1.012e-06,1.012e-06,0
927,401.48,1.913e-06,1.913e-06,0
928,401.53,3.505e-06,3.505e-06,0
929,401.58,6.23e-06,6.23e-06,0
930,401.63,1.074e-05,1.074e-05,0
931,401.68,1.796e-05,1.796e-05,0
932,401.73,2.913e-05,2.913e-05,0
933,401.78,4.582e-05,4.582e-05,0
934,401.83,6.993e-05,6.993e-05,0
935,401.88,0.0001035,0.0001035,0
936,401.93,0.0001486,0.0001486,0
937,401.98,0.000207,0.000207,0
938,402.03,0.0002796,0.0002796,0
939,402.08,0.00036639999999999996,0.00036639999999999996,0
940,402.13,0.00046580000000000005,0.00046580000000000005,0
941,402.18,0.0005744,0.0005744,0
942,402.23,0.000687,0.000687,0
943,402.28,0.0007972000000000001,0.0007972000000000001,0
944,402.33,0.0008974,0.0008974,0
945,402.38,0.0009799,0.0009799,0
946,402.43,0.001038,0.001038,0
947,402.48,0.001067,0.001067,0
948,402.53,0.0010630000000000001,0.0010630000000000001,0
949,402.58,0.0010279999999999998,0.0010279999999999998,0
950,402.63,0.0009647,0.0009647,0
951,402.68,0.000878,0.000878,0
952,402.73,0.0007752000000000001,0.0007752000000000001,0
953,402.78,0.000664,0.000664,0
954,402.83,0.0005517,0.0005517,0
955,402.88,0.0004448,0.0004448,0
956,402.93,0.0003478,0.0003478,0
957,402.98,0.00026389999999999996,0.00026389999999999996,0
958,403.03,0.0001943,0.0001943,0
959,403.08,0.00013869999999999998,0.00013869999999999998,0
960,403.13,9.61e-05,9.61e-05,0
961,403.18,6.459e-05,6.459e-05,0
962,403.23,4.211e-05,4.211e-05,0
963,403.28,2.664e-05,2.664e-05,0
964,403.33,1.635e-05,1.635e-05,0
965,403.38,9.732000000000001e-06,9.732000000000001e-06,0
966,403.43,5.621e-06,5.621e-06,0
967,403.48,3.149e-06,3.149e-06,0
968,403.53,1.7119999999999999e-06,1.7119999999999999e-06,0
969,403.58,9.028000000000001e-07,9.028000000000001e-07,0
970,403.63,4.619e-07,4.619e-07,0
971,403.68,2.2920000000000001e-07,2.2920000000000001e-07,0
972,403.73,1.104e-07,1.104e-07,0
973,403.78,5.155e-08,5.155e-08,0
974,403.83,2.336e-08,2.336e-08,0
975,403.88,1.0270000000000002e-08,1.0270000000000002e-08,0
976,403.93,4.378e-09,4.378e-09,0
977,403.98,1.811e-09,1.811e-09,0
978,404.03,7.267999999999999e-10,7.267999999999999e-10,0
979,404.08,2.829e-10,2.829e-10,0
980,404.13,1.0680000000000001e-10,1.0680000000000001e-10,0
981,404.18,3.9130000000000005e-11,3.9130000000000005e-11,0
982,404.23,1.391e-11,1.391e-11,0
983,404.28,4.793e-12,4.793e-12,0
984,404.33,1.6030000000000001e-12,1.6030000000000001e-12,0
985,404.38,5.198e-13,5.198e-13,0
986,404.43,1.635e-13,1.635e-13,0
987,404.48,4.99e-14,4.99e-14,0
988,404.53,1.477e-14,1.477e-14,0
989,404.58,4.240999999999999e-15,4.240999999999999e-15,0
990,404.63,1.181e-15,1.181e-15,0
991,404.68,3.19e-16,3.19e-16,0
992,404.73,8.358999999999999e-17,8.358999999999999e-17,0
993,404.78,2.124e-17,2.124e-17,0
994,404.83,5.237000000000001e-18,5.237000000000001e-18,0
995,404.88,1.252e-18,1.252e-18,0
996,404.93,2.547e-19,2.547e-19,0
997,404.98,5.371e-20,5.371e-20,0
998,407.83,6.2429999999999994e-21,6.2429999999999994e-21,0
999,407.88,4.115e-20,4.115e-20,0
1000,407.93,1.7649999999999999e-19,1.7649999999999999e-19,0
1001,407.98,7.223e-19,7.223e-19,0
1002,408.03,2.87e-18,2.87e-18,0
1003,408.08,1.107e-17,1.107e-17,0
1004,408.13,4.147e-17,4.147e-17,0
1005,408.18,1.508e-16,1.508e-16,0
1006,408.23,5.324e-16,5.324e-16,0
1007,408.28,1.825e-15,1.825e-15,0
1008,408.33,6.0740000000000005e-15,6.0740000000000005e-15,0
1009,408.38,1.963e-14,1.963e-14,0
1010,408.43,6.157000000000001e-14,6.157000000000001e-14,0
1011,408.48,1.876e-13,1.876e-13,0
1012,408.53,5.547e-13,5.547e-13,0
1013,408.58,1.5930000000000002e-12,1.5930000000000002e-12,0
1014,408.63,4.441e-12,4.441e-12,0
1015,408.68,1.202e-11,1.202e-11,0
1016,408.73,3.159e-11,3.159e-11,0
1017,408.78,8.061000000000001e-11,8.061000000000001e-11,0
1018,408.83,1.997e-10,1.997e-10,0
1019,408.88,4.804e-10,4.804e-10,0
1020,408.93,1.1219999999999998e-09,1.1219999999999998e-09,0
1021,408.98,2.5440000000000003e-09,2.5440000000000003e-09,0
1022,409.03,5.602e-09,5.602e-09,0
1023,409.08,1.1979999999999999e-08,1.1979999999999999e-08,0
1024,409.13,2.486e-08,2.486e-08,0
1025,409.18,5.0089999999999994e-08,5.0089999999999994e-08,0
1026,409.23,9.801e-08,9.801e-08,0
1027,409.28,1.862e-07,1.862e-07,0
1028,409.33,3.435e-07,3.435e-07,0
1029,409.38,6.152000000000001e-07,6.152000000000001e-07,0
1030,409.43,1.07e-06,1.07e-06,0
1031,409.48,1.806e-06,1.806e-06,0
1032,409.53,2.961e-06,2.961e-06,0
1033,409.58,4.7130000000000004e-06,4.7130000000000004e-06,0
1034,409.63,7.285e-06,7.285e-06,0
1035,409.68,1.093e-05,1.093e-05,0
1036,409.73,1.593e-05,1.593e-05,0
1037,409.78,2.254e-05,2.254e-05,0
1038,409.83,3.096e-05,3.096e-05,0
1039,409.88,4.131e-05,4.131e-05,0
1040,409.93,5.352e-05,5.352e-05,0
1041,409.98,6.734e-05,6.734e-05,0
1042,410.03,8.228e-05,8.228e-05,0
1043,410.08,9.767e-05,9.767e-05,0
1044,410.13,0.00011259999999999999,0.00011259999999999999,0
1045,410.18,0.0001262,0.0001262,0
1046,410.23,0.0001375,0.0001375,0
1047,410.28,0.0001457,0.0001457,0
1048,410.33,0.00015019999999999996,0.00015019999999999996,0
1049,410.38,0.0001508,0.0001508,0
1050,410.43,0.00014769999999999999,0.00014769999999999999,0
1051,410.48,0.0001413,0.0001413,0
1052,410.53,0.00013240000000000002,0.00013240000000000002,0
1053,410.58,0.0001217,0.0001217,0
1054,410.63,0.00011020000000000001,0.00011020000000000001,0
1055,410.68,9.871e-05,9.871e-05,0
1056,410.73,8.785e-05,8.785e-05,0
1057,410.78,7.802e-05,7.802e-05,0
1058,410.83,6.944e-05,6.944e-05,0
1059,410.88,6.213e-05,6.213e-05,0
1060,410.93,5.598e-05,5.598e-05,0
1061,410.98,5.084e-05,5.084e-05,0
1062,411.03,4.652e-05,4.652e-05,0
1063,411.08,4.289e-05,4.289e-05,0
1064,411.13,3.986e-05,3.986e-05,0
1065,411.18,3.74e-05,3.74e-05,0
1066,411.23,3.549e-05,3.549e-05,0
1067,411.28,3.415e-05,3.415e-05,0
1068,411.33,3.338e-05,3.338e-05,0
1069,411.38,3.314e-05,3.314e-05,0
1070,411.43,3.335e-05,3.335e-05,0
1071,411.48,3.39e-05,3.39e-05,0
1072,411.53,3.463e-05,3.463e-05,0
1073,411.58,3.536e-05,3.536e-05,0
1074,411.63,3.592e-05,3.592e-05,0
1075,411.68,3.615e-05,3.615e-05,0
1076,411.73,3.591e-05,3.591e-05,0
1077,411.78,3.511e-05,3.511e-05,0
1078,411.83,3.373e-05,3.373e-05,0
1079,411.88,3.178e-05,3.178e-05,0
1080,411.93,2.934e-05,2.934e-05,0
1081,411.98,2.652e-05,2.652e-05,0
1082,412.03,2.344e-05,2.344e-05,0
1083,412.08,2.025e-05,2.025e-05,0
1084,412.13,1.71e-05,1.71e-05,0
1085,412.18,1.409e-05,1.409e-05,0
1086,412.23,1.134e-05,1.134e-05,0
1087,412.28,8.902e-06,8.902e-06,0
1088,412.33,6.8160000000000005e-06,6.8160000000000005e-06,0
1089,412.38,5.087e-06,5.087e-06,0
1090,412.43,3.7e-06,3.7e-06,0
1091,412.48,2.622e-06,2.622e-06,0
1092,412.53,1.809e-06,1.809e-06,0
1093,412.58,1.215e-06,1.215e-06,0
1094,412.63,7.947e-07,7.947e-07,0
1095,412.68,5.056e-07,5.056e-07,0
1096,412.73,3.129e-07,3.129e-07,0
1097,412.78,1.884e-07,1.884e-07,0
1098,412.83,1.1029999999999999e-07,1.1029999999999999e-07,0
1099,412.88,6.276e-08,6.276e-08,0
1100,412.93,3.472e-08,3.472e-08,0
1101,412.98,1.867e-08,1.867e-08,0
1102,413.03,9.757e-09,9.757e-09,0
1103,413.08,4.955e-09,4.955e-09,0
1104,413.13,2.445e-09,2.445e-09,0
1105,413.18,1.172e-09,1.172e-09,0
1106,413.23,5.458999999999999e-10,5.458999999999999e-10,0
1107,413.28,2.47e-10,2.47e-10,0
1108,413.33,1.085e-10,1.085e-10,0
1109,413.38,4.6329999999999997e-11,4.6329999999999997e-11,0
1110,413.43,1.921e-11,1.921e-11,0
1111,413.48,7.737e-12,7.737e-12,0
1112,413.53,3.0260000000000002e-12,3.0260000000000002e-12,0
1113,413.58,1.151e-12,1.151e-12,0
1114,413.63,4.277e-13,4.277e-13,0
1115,413.68,1.645e-13,1.645e-13,0
1116,413.73,9.43e-14,9.43e-14,0
1117,413.78,1.508e-13,1.508e-13,0
1118,413.83,4.202e-13,4.202e-13,0
1119,413.88,1.2559999999999999e-12,1.2559999999999999e-12,0
1120,413.93,3.69e-12,3.69e-12,0
1121,413.98,1.0539999999999998e-11,1.0539999999999998e-11,0
1122,414.03,2.9260000000000004e-11,2.9260000000000004e-11,0
1123,414.08,7.892e-11,7.892e-11,0
1124,414.13,2.068e-10,2.068e-10,0
1125,414.18,5.262999999999999e-10,5.262999999999999e-10,0
1126,414.23,1.301e-09,1.301e-09,0
1127,414.28,3.1259999999999998e-09,3.1259999999999998e-09,0
1128,414.33,7.2960000000000004e-09,7.2960000000000004e-09,0
1129,414.38,1.654e-08,1.654e-08,0
1130,414.43,3.643e-08,3.643e-08,0
1131,414.48,7.794999999999999e-08,7.794999999999999e-08,0
1132,414.53,1.62e-07,1.62e-07,0
1133,414.58,3.2729999999999997e-07,3.2729999999999997e-07,0
1134,414.63,6.420000000000001e-07,6.420000000000001e-07,0
1135,414.68,1.224e-06,1.224e-06,0
1136,414.73,2.266e-06,2.266e-06,0
1137,414.78,4.0760000000000004e-06,4.0760000000000004e-06,0
1138,414.83,7.122999999999999e-06,7.122999999999999e-06,0
1139,414.88,1.209e-05,1.209e-05,0
1140,414.93,1.995e-05,1.995e-05,0
1141,414.98,3.196e-05,3.196e-05,0
1142,415.03,4.975e-05,4.975e-05,0
1143,415.08,7.524e-05,7.524e-05,0
1144,415.13,0.0001105,0.0001105,0
1145,415.18,0.00015780000000000001,0.00015780000000000001,0
1146,415.23,0.00021869999999999998,0.00021869999999999998,0
1147,415.28,0.0002947,0.0002947,0
1148,415.33,0.00038560000000000005,0.00038560000000000005,0
1149,415.38,0.0004902,0.0004902,0
1150,415.43,0.0006054999999999999,0.0006054999999999999,0
1151,415.48,0.0007264999999999999,0.0007264999999999999,0
1152,415.53,0.0008468999999999999,0.0008468999999999999,0
1153,415.58,0.000959,0.000959,0
1154,415.63,0.0010550000000000002,0.0010550000000000002,0
1155,415.68,0.0011279999999999999,0.0011279999999999999,0
1156,415.73,0.0011710000000000002,0.0011710000000000002,0
1157,415.78,0.001181,0.001181,0
1158,415.83,0.001157,0.001157,0
1159,415.88,0.001102,0.001102,0
1160,415.93,0.001019,0.001019,0
1161,415.98,0.0009156,0.0009156,0
1162,416.03,0.0007993,0.0007993,0
1163,416.08,0.0006778,0.0006778,0
1164,416.13,0.0005583999999999999,0.0005583999999999999,0
1165,416.18,0.00044689999999999997,0.00044689999999999997,0
1166,416.23,0.0003475,0.0003475,0
1167,416.28,0.0002625,0.0002625,0
1168,416.33,0.0001926,0.0001926,0
1169,416.38,0.00013730000000000003,0.00013730000000000003,0
1170,416.43,9.51e-05,9.51e-05,0
1171,416.48,6.398e-05,6.398e-05,0
1172,416.53,4.182e-05,4.182e-05,0
1173,416.58,2.656e-05,2.656e-05,0
1174,416.63,1.638e-05,1.638e-05,0
1175,416.68,9.82e-06,9.82e-06,0
1176,416.73,5.7170000000000005e-06,5.7170000000000005e-06,0
1177,416.78,3.234e-06,3.234e-06,0
1178,416.84,1.5709999999999999e-06,1.5709999999999999e-06,0
1179,416.89,8.339e-07,8.339e-07,0
1180,416.94,4.3e-07,4.3e-07,0
1181,416.99,2.1539999999999998e-07,2.1539999999999998e-07,0
1182,417.04,1.048e-07,1.048e-07,0
1183,417.09,4.956e-08,4.956e-08,0
1184,417.14,2.2759999999999997e-08,2.2759999999999997e-08,0
1185,417.19,1.016e-08,1.016e-08,0
1186,417.24,4.403000000000001e-09,4.403000000000001e-09,0
1187,417.29,1.854e-09,1.854e-09,0
1188,417.34,7.585999999999999e-10,7.585999999999999e-10,0
1189,417.39,3.015e-10,3.015e-10,0
1190,417.44,1.1640000000000001e-10,1.1640000000000001e-10,0
1191,417.49,4.367e-11,4.367e-11,0
1192,417.54,1.591e-11,1.591e-11,0
1193,417.59,5.634e-12,5.634e-12,0
1194,417.64,1.938e-12,1.938e-12,0
1195,417.69,6.475e-13,6.475e-13,0
1196,417.74,2.102e-13,2.102e-13,0
1197,417.79,6.629e-14,6.629e-14,0
1198,417.84,2.031e-14,2.031e-14,0
1199,417.89,6.0439999999999996e-15,6.0439999999999996e-15,0
1200,417.94,1.748e-15,1.748e-15,0
1201,417.99,4.9089999999999995e-16,4.9089999999999995e-16,0
1202,418.04,1.34e-16,1.34e-16,0
1203,418.09,3.552e-17,3.552e-17,0
1204,418.14,9.148e-18,9.148e-18,0
1205,418.19,2.289e-18,2.289e-18,0
1206,418.24,5.564000000000001e-19,5.564000000000001e-19,0
1207,418.29,1.314e-19,1.314e-19,0
1208,427.34,5.7099999999999995e-21,5.7099999999999995e-21,0
1209,427.39,2.275e-20,2.275e-20,0
1210,427.44,8.822000000000001e-20,8.822000000000001e-20,0
1211,427.49,3.33e-19,3.33e-19,0
1212,427.54,1.223e-18,1.223e-18,0
1213,427.59,4.374e-18,4.374e-18,0
1214,427.64,1.522e-17,1.522e-17,0
1215,427.69,5.1570000000000005e-17,5.1570000000000005e-17,0
1216,427.74,1.7e-16,1.7e-16,0
1217,427.79,5.456e-16,5.456e-16,0
1218,427.84,1.7039999999999999e-15,1.7039999999999999e-15,0
1219,427.89,5.18e-15,5.18e-15,0
1220,427.94,1.5330000000000003e-14,1.5330000000000003e-14,0
1221,427.99,4.4139999999999995e-14,4.4139999999999995e-14,0
1222,428.04,1.237e-13,1.237e-13,0
1223,428.09,3.375e-13,3.375e-13,0
1224,428.14,8.963e-13,8.963e-13,0
1225,428.19,2.316e-12,2.316e-12,0
1226,428.24,5.827000000000001e-12,5.827000000000001e-12,0
1227,428.29,1.427e-11,1.427e-11,0
1228,428.34,3.4e-11,3.4e-11,0
1229,428.39,7.884999999999999e-11,7.884999999999999e-11,0
1230,428.44,1.78e-10,1.78e-10,0
1231,428.49,3.9109999999999997e-10,3.9109999999999997e-10,0
1232,428.54,8.365000000000001e-10,8.365000000000001e-10,0
1233,428.59,1.741e-09,1.741e-09,0
1234,428.64,3.5280000000000002e-09,3.5280000000000002e-09,0
1235,428.69,6.957e-09,6.957e-09,0
1236,428.74,1.335e-08,1.335e-08,0
1237,428.79,2.4940000000000004e-08,2.4940000000000004e-08,0
1238,428.84,4.535e-08,4.535e-08,0
1239,428.89,8.025000000000001e-08,8.025000000000001e-08,0
1240,428.94,1.382e-07,1.382e-07,0
1241,428.99,2.3170000000000002e-07,2.3170000000000002e-07,0
1242,429.04,3.7810000000000003e-07,3.7810000000000003e-07,0
1243,429.09,6.006e-07,6.006e-07,0
1244,429.14,9.284000000000001e-07,9.284000000000001e-07,0
1245,429.19,1.397e-06,1.397e-06,0
1246,429.24,2.045e-06,2.045e-06,0
1247,429.29,2.915e-06,2.915e-06,0
1248,429.34,4.044e-06,4.044e-06,0
1249,429.39,5.461e-06,5.461e-06,0
1250,429.44,7.176e-06,7.176e-06,0
1251,429.49,9.18e-06,9.18e-06,0
1252,429.54,1.143e-05,1.143e-05,0
1253,429.59,1.385e-05,1.385e-05,0
1254,429.64,1.633e-05,1.633e-05,0
1255,429.69,1.875e-05,1.875e-05,0
1256,429.74,2.095e-05,2.095e-05,0
1257,429.79,2.278e-05,2.278e-05,0
1258,429.84,2.411e-05,2.411e-05,0
1259,429.89,2.484e-05,2.484e-05,0
1260,429.94,2.491e-05,2.491e-05,0
1261,429.99,2.431e-05,2.431e-05,0
1262,430.04,2.309e-05,2.309e-05,0
1263,430.09,2.135e-05,2.135e-05,0
1264,430.14,1.921e-05,1.921e-05,0
1265,430.19,1.683e-05,1.683e-05,0
1266,430.24,1.434e-05,1.434e-05,0
1267,430.29,1.19e-05,1.19e-05,0
1268,430.34,9.612e-06,9.612e-06,0
1269,430.39,7.555e-06,7.555e-06,0
1270,430.44,5.78e-06,5.78e-06,0
1271,430.49,4.304e-06,4.304e-06,0
1272,430.54,3.1189999999999997e-06,3.1189999999999997e-06,0
1273,430.59,2.2e-06,2.2e-06,0
1274,430.64,1.511e-06,1.511e-06,0
1275,430.69,1.01e-06,1.01e-06,0
1276,430.74,6.566e-07,6.566e-07,0
1277,430.79,4.157e-07,4.157e-07,0
1278,430.84,2.5609999999999997e-07,2.5609999999999997e-07,0
1279,430.89,1.536e-07,1.536e-07,0
1280,430.94,8.967000000000001e-08,8.967000000000001e-08,0
1281,430.99,5.093999999999999e-08,5.093999999999999e-08,0
1282,431.04,2.8169999999999997e-08,2.8169999999999997e-08,0
1283,431.09,1.516e-08,1.516e-08,0
1284,431.14,7.943e-09,7.943e-09,0
1285,431.19,4.05e-09,4.05e-09,0
1286,431.24,2.0100000000000003e-09,2.0100000000000003e-09,0
1287,431.29,9.707e-10,9.707e-10,0
1288,431.34,4.564e-10,4.564e-10,0
1289,431.39,2.0880000000000002e-10,2.0880000000000002e-10,0
1290,431.44,9.299999999999999e-11,9.299999999999999e-11,0
1291,431.49,4.031e-11,4.031e-11,0
1292,431.54,1.701e-11,1.701e-11,0
1293,431.59,6.985e-12,6.985e-12,0
1294,431.64,2.7919999999999994e-12,2.7919999999999994e-12,0
1295,431.69,1.0859999999999998e-12,1.0859999999999998e-12,0
1296,431.74,4.112e-13,4.112e-13,0
1297,431.79,1.515e-13,1.515e-13,0
1298,431.84,5.436e-14,5.436e-14,0
1299,431.89,1.898e-14,1.898e-14,0
1300,431.94,6.449e-15,6.449e-15,0
1301,431.99,2.1329999999999998e-15,2.1329999999999998e-15,0
1302,432.04,6.866000000000001e-16,6.866000000000001e-16,0
1303,432.09,2.1509999999999998e-16,2.1509999999999998e-16,0
1304,432.14,6.560000000000001e-17,6.560000000000001e-17,0
1305,432.19,1.9470000000000002e-17,1.9470000000000002e-17,0
1306,432.24,5.6250000000000005e-18,5.6250000000000005e-18,0
1307,432.29,1.5819999999999997e-18,1.5819999999999997e-18,0
1308,432.34,4.3289999999999997e-19,4.3289999999999997e-19,0
1309,432.39,1.153e-19,1.153e-19,0
1310,432.44,2.99e-20,2.99e-20,0
1311,432.49,7.543999999999999e-21,7.543999999999999e-21,0
1312,441.99,1.517e-21,1.517e-21,0
1313,442.04,6.864e-21,6.864e-21,0
1314,442.09,2.562e-20,2.562e-20,0
1315,442.14,9.327e-20,9.327e-20,0
1316,442.19,3.311e-19,3.311e-19,0
1317,442.24,1.146e-18,1.146e-18,0
1318,442.29,3.868e-18,3.868e-18,0
1319,442.34,1.273e-17,1.273e-17,0
1320,442.39,4.087e-17,4.087e-17,0
1321,442.44,1.2790000000000002e-16,1.2790000000000002e-16,0
1322,442.49,3.9060000000000003e-16,3.9060000000000003e-16,0
1323,442.54,1.1630000000000002e-15,1.1630000000000002e-15,0
1324,442.59,3.375e-15,3.375e-15,0
1325,442.64,9.555e-15,9.555e-15,0
1326,442.69,2.638e-14,2.638e-14,0
1327,442.74,7.102000000000001e-14,7.102000000000001e-14,0
1328,442.79,1.865e-13,1.865e-13,0
1329,442.84,4.774e-13,4.774e-13,0
1330,442.89,1.192e-12,1.192e-12,0
1331,442.94,2.903e-12,2.903e-12,0
1332,442.99,6.892000000000001e-12,6.892000000000001e-12,0
1333,443.04,1.596e-11,1.596e-11,0
1334,443.09,3.604e-11,3.604e-11,0
1335,443.14,7.937999999999999e-11,7.937999999999999e-11,0
1336,443.19,1.7049999999999998e-10,1.7049999999999998e-10,0
1337,443.24,3.5710000000000004e-10,3.5710000000000004e-10,0
1338,443.29,7.293e-10,7.293e-10,0
1339,443.34,1.453e-09,1.453e-09,0
1340,443.39,2.822e-09,2.822e-09,0
1341,443.44,5.3459999999999995e-09,5.3459999999999995e-09,0
1342,443.49,9.876e-09,9.876e-09,0
1343,443.54,1.7790000000000002e-08,1.7790000000000002e-08,0
1344,443.59,3.126e-08,3.126e-08,0
1345,443.64,5.357e-08,5.357e-08,0
1346,443.69,8.952e-08,8.952e-08,0
1347,443.74,1.459e-07,1.459e-07,0
1348,443.79,2.319e-07,2.319e-07,0
1349,443.84,3.594e-07,3.594e-07,0
1350,443.89,5.433e-07,5.433e-07,0
1351,443.94,8.008e-07,8.008e-07,0
1352,443.99,1.1509999999999999e-06,1.1509999999999999e-06,0
1353,444.04,1.6140000000000001e-06,1.6140000000000001e-06,0
1354,444.09,2.207e-06,2.207e-06,0
1355,444.14,2.943e-06,2.943e-06,0
1356,444.19,3.827e-06,3.827e-06,0
1357,444.24,4.854e-06,4.854e-06,0
1358,444.29,6.003e-06,6.003e-06,0
1359,444.34,7.241000000000001e-06,7.241000000000001e-06,0
1360,444.39,8.517999999999999e-06,8.517999999999999e-06,0
1361,444.44,9.772e-06,9.772e-06,0
1362,444.49,1.093e-05,1.093e-05,0
1363,444.54,1.193e-05,1.193e-05,0
1364,444.59,1.269e-05,1.269e-05,0
1365,444.64,1.317e-05,1.317e-05,0
1366,444.69,1.333e-05,1.333e-05,0
1367,444.74,1.316e-05,1.316e-05,0
1368,444.79,1.267e-05,1.267e-05,0
1369,444.84,1.189e-05,1.189e-05,0
1370,444.89,1.089e-05,1.089e-05,0
1371,444.94,9.722000000000001e-06,9.722000000000001e-06,0
1372,444.99,8.465e-06,8.465e-06,0
1373,445.04,7.189e-06,7.189e-06,0
1374,445.09,5.954e-06,5.954e-06,0
1375,445.14,4.809e-06,4.809e-06,0
1376,445.19,3.788e-06,3.788e-06,0
1377,445.24,2.91e-06,2.91e-06,0
1378,445.29,2.18e-06,2.18e-06,0
1379,445.34,1.593e-06,1.593e-06,0
1380,445.39,1.135e-06,1.135e-06,0
1381,445.44,7.884999999999999e-07,7.884999999999999e-07,0
1382,445.49,5.343e-07,5.343e-07,0
1383,445.54,3.531e-07,3.531e-07,0
1384,445.59,2.2760000000000003e-07,2.2760000000000003e-07,0
1385,445.64,1.431e-07,1.431e-07,0
1386,445.69,8.769e-08,8.769e-08,0
1387,445.74,5.242000000000001e-08,5.242000000000001e-08,0
1388,445.79,3.0560000000000004e-08,3.0560000000000004e-08,0
1389,445.84,1.738e-08,1.738e-08,0
1390,445.89,9.634e-09,9.634e-09,0
1391,445.94,5.2090000000000005e-09,5.2090000000000005e-09,0
1392,445.99,2.747e-09,2.747e-09,0
1393,446.04,1.4130000000000002e-09,1.4130000000000002e-09,0
1394,446.09,7.085e-10,7.085e-10,0
1395,446.14,3.465e-10,3.465e-10,0
1396,446.19,1.653e-10,1.653e-10,0
1397,446.24,7.687e-11,7.687e-11,0
1398,446.29,3.487e-11,3.487e-11,0
1399,446.34,1.543e-11,1.543e-11,0
1400,446.39,6.655000000000001e-12,6.655000000000001e-12,0
1401,446.44,2.7999999999999998e-12,2.7999999999999998e-12,0
1402,446.49,1.149e-12,1.149e-12,0
1403,446.54,4.595e-13,4.595e-13,0
1404,446.59,1.793e-13,1.793e-13,0
1405,446.64,6.822e-14,6.822e-14,0
1406,446.69,2.5309999999999998e-14,2.5309999999999998e-14,0
1407,446.74,9.159999999999999e-15,9.159999999999999e-15,0
1408,446.79,3.232e-15,3.232e-15,0
1409,446.84,1.112e-15,1.112e-15,0
1410,446.89,3.732e-16,3.732e-16,0
1411,446.94,1.2209999999999998e-16,1.2209999999999998e-16,0
1412,446.99,3.898e-17,3.898e-17,0
1413,447.04,1.2130000000000001e-17,1.2130000000000001e-17,0
1414,447.09,3.681e-18,3.681e-18,0
1415,447.14,1.089e-18,1.089e-18,0
1416,447.19,3.144e-19,3.144e-19,0
1417,447.24,8.849e-20,8.849e-20,0
1418,447.29,2.428e-20,2.428e-20,0
1419,447.34,6.499e-21,6.499e-21,0
1420,447.39,1.358e-21,1.358e-21,0
1421,476.05,2.823e-17,2.823e-17,0
1422,476.1,9.841999999999999e-17,9.841999999999999e-17,0
1423,476.15,3.358e-16,3.358e-16,0
1424,476.2,1.121e-15,1.121e-15,0
1425,476.25,3.661e-15,3.661e-15,0
1426,476.3,1.17e-14,1.17e-14,0
1427,476.35,3.658e-14,3.658e-14,0
1428,476.4,1.119e-13,1.119e-13,0
1429,476.45,3.35e-13,3.35e-13,0
1430,476.5,9.811e-13,9.811e-13,0
1431,476.55,2.8110000000000004e-12,2.8110000000000004e-12,0
1432,476.6,7.883e-12,7.883e-12,0
1433,476.65,2.163e-11,2.163e-11,0
1434,476.7,5.8049999999999996e-11,5.8049999999999996e-11,0
1435,476.75,1.525e-10,1.525e-10,0
1436,476.8,3.918e-10,3.918e-10,0
1437,476.85,9.851e-10,9.851e-10,0
1438,476.9,2.423e-09,2.423e-09,0
1439,476.95,5.834e-09,5.834e-09,0
1440,477.0,1.3740000000000001e-08,1.3740000000000001e-08,0
1441,477.05,3.166000000000001e-08,3.166000000000001e-08,0
1442,477.1,7.138999999999999e-08,7.138999999999999e-08,0
1443,477.15,1.575e-07,1.575e-07,0
1444,477.2,3.399e-07,3.399e-07,0
1445,477.25,7.179999999999999e-07,7.179999999999999e-07,0
1446,477.3,1.4840000000000001e-06,1.4840000000000001e-06,0
1447,477.35,3e-06,3e-06,0
1448,477.4,5.935e-06,5.935e-06,0
1449,477.45,1.149e-05,1.149e-05,0
1450,477.5,2.176e-05,2.176e-05,0
1451,477.55,4.032e-05,4.032e-05,0
1452,477.6,7.31e-05,7.31e-05,0
1453,477.65,0.00012969999999999998,0.00012969999999999998,0
1454,477.7,0.0002251,0.0002251,0
1455,477.75,0.00038229999999999997,0.00038229999999999997,0
1456,477.8,0.0006353,0.0006353,0
1457,477.85,0.001033,0.001033,0
1458,477.9,0.001643,0.001643,0
1459,477.95,0.002558,0.002558,0
1460,478.0,0.003896,0.003896,0
1461,478.05,0.005804999999999999,0.005804999999999999,0
1462,478.1,0.008464,0.008464,0
1463,478.15,0.01208,0.01208,0
1464,478.2,0.01685,0.01685,0
1465,478.25,0.02302,0.02302,0
1466,478.3,0.030760000000000003,0.030760000000000003,0
1467,478.35,0.04022,0.04022,0
1468,478.4,0.05145,0.05145,0
1469,478.45,0.0644,0.0644,0
1470,478.5,0.07887999999999999,0.07887999999999999,0
1471,478.56,0.09774,0.09774,0
1472,478.61,0.1141,0.1141,0
1473,478.66,0.1303,0.1303,0
1474,478.71,0.1457,0.1457,0
1475,478.76,0.1593,0.1593,0
1476,478.81,0.1704,0.1704,0
1477,478.86,0.1784,0.1784,0
1478,478.91,0.1827,0.1827,0
1479,478.96,0.1831,0.1831,0
1480,479.01,0.1796,0.1796,0
1481,479.06,0.1723,0.1723,0
1482,479.11,0.1617,0.1617,0
1483,479.16,0.1485,0.1485,0
1484,479.21,0.1335,0.1335,0
1485,479.26,0.1174,0.1174,0
1486,479.31,0.101,0.101,0
1487,479.36,0.08502,0.08502,0
1488,479.41,0.07003,0.07003,0
1489,479.46,0.056429999999999994,0.056429999999999994,0
1490,479.51,0.0445,0.0445,0
1491,479.56,0.03433,0.03433,0
1492,479.61,0.02592,0.02592,0
1493,479.66,0.01914,0.01914,0
1494,479.71,0.01383,0.01383,0
1495,479.76,0.009781999999999999,0.009781999999999999,0
1496,479.81,0.006768000000000001,0.006768000000000001,0
1497,479.86,0.004582,0.004582,0
1498,479.91,0.003035,0.003035,0
1499,479.96,0.001967,0.001967,0
1500,480.01,0.001247,0.001247,0
1501,480.06,0.0007737,0.0007737,0
1502,480.11,0.00046970000000000003,0.00046970000000000003,0
1503,480.16,0.000279,0.000279,0
1504,480.21,0.0001621,0.0001621,0
1505,480.26,9.218e-05,9.218e-05,0
1506,480.31,5.129e-05,5.129e-05,0
1507,480.36,2.792e-05,2.792e-05,0
1508,480.41,1.487e-05,1.487e-05,0
1509,480.46,7.749e-06,7.749e-06,0
1510,480.51,3.951e-06,3.951e-06,0
1511,480.56,1.971e-06,1.971e-06,0
1512,480.61,9.623e-07,9.623e-07,0
1513,480.66,4.596e-07,4.596e-07,0
1514,480.71,2.148e-07,2.148e-07,0
1515,480.76,9.822000000000002e-08,9.822000000000002e-08,0
1516,480.81,4.394e-08,4.394e-08,0
1517,480.86,1.9240000000000002e-08,1.9240000000000002e-08,0
1518,480.91,8.239e-09,8.239e-09,0
1519,480.96,3.453e-09,3.453e-09,0
1520,481.01,1.416e-09,1.416e-09,0
1521,481.06,5.68e-10,5.68e-10,0
1522,481.11,2.23e-10,2.23e-10,0
1523,481.16,8.564e-11,8.564e-11,0
1524,481.21,3.218e-11,3.218e-11,0
1525,481.26,1.183e-11,1.183e-11,0
1526,481.31,4.258e-12,4.258e-12,0
1527,481.36,1.4990000000000002e-12,1.4990000000000002e-12,0
1528,481.41,5.162e-13,5.162e-13,0
1529,481.46,1.74e-13,1.74e-13,0
1530,481.51,5.736000000000001e-14,5.736000000000001e-14,0
1531,481.56,1.8509999999999998e-14,1.8509999999999998e-14,0
1532,481.61,5.842e-15,5.842e-15,0
1533,481.66,1.8039999999999997e-15,1.8039999999999997e-15,0
1534,481.71,5.452000000000001e-16,5.452000000000001e-16,0
1535,481.76,1.6119999999999999e-16,1.6119999999999999e-16,0
1536,481.81,4.664e-17,4.664e-17,0
1537,483.96,8.400000000000001e-20,8.400000000000001e-20,0
1538,484.01,2.873e-19,2.873e-19,0
1539,484.06,9.618000000000002e-19,9.618000000000002e-19,0
1540,484.11,3.153e-18,3.153e-18,0
1541,484.16,1.012e-17,1.012e-17,0
1542,484.21,3.182e-17,3.182e-17,0
1543,484.26,9.792e-17,9.792e-17,0
1544,484.31,2.951e-16,2.951e-16,0
1545,484.36,8.706e-16,8.706e-16,0
1546,484.41,2.515e-15,2.515e-15,0
1547,484.46,7.114e-15,7.114e-15,0
1548,484.51,1.97e-14,1.97e-14,0
1549,484.56,5.342999999999999e-14,5.342999999999999e-14,0
1550,484.61,1.419e-13,1.419e-13,0
1551,484.66,3.688e-13,3.688e-13,0
1552,484.71,9.388e-13,9.388e-13,0
1553,484.76,2.34e-12,2.34e-12,0
1554,484.81,5.71e-12,5.71e-12,0
1555,484.86,1.364e-11,1.364e-11,0
1556,484.91,3.192e-11,3.192e-11,0
1557,484.96,7.312e-11,7.312e-11,0
1558,485.01,1.64e-10,1.64e-10,0
1559,485.06,3.6019999999999996e-10,3.6019999999999996e-10,0
1560,485.11,7.743999999999999e-10,7.743999999999999e-10,0
1561,485.16,1.6300000000000002e-09,1.6300000000000002e-09,0
1562,485.21,3.3610000000000003e-09,3.3610000000000003e-09,0
1563,485.26,6.784e-09,6.784e-09,0
1564,485.31,1.3409999999999999e-08,1.3409999999999999e-08,0
1565,485.36,2.595e-08,2.595e-08,0
1566,485.41,4.9160000000000005e-08,4.9160000000000005e-08,0
1567,485.46,9.12e-08,9.12e-08,0
1568,485.51,1.6559999999999997e-07,1.6559999999999997e-07,0
1569,485.56,2.946e-07,2.946e-07,0
1570,485.61,5.13e-07,5.13e-07,0
1571,485.66,8.747e-07,8.747e-07,0
1572,485.71,1.46e-06,1.46e-06,0
1573,485.76,2.3869999999999998e-06,2.3869999999999998e-06,0
1574,485.81,3.821e-06,3.821e-06,0
1575,485.86,5.9870000000000004e-06,5.9870000000000004e-06,0
1576,485.91,9.187e-06,9.187e-06,0
1577,485.96,1.38e-05,1.38e-05,0
1578,486.01,2.03e-05,2.03e-05,0
1579,486.06,2.924e-05,2.924e-05,0
1580,486.11,4.124e-05,4.124e-05,0
1581,486.16,5.695e-05,5.695e-05,0
1582,486.21,7.7e-05,7.7e-05,0
1583,486.26,0.00010190000000000001,0.00010190000000000001,0
1584,486.31,0.00013209999999999999,0.00013209999999999999,0
1585,486.36,0.00016769999999999998,0.00016769999999999998,0
1586,486.41,0.0002084,0.0002084,0
1587,486.46,0.00025350000000000004,0.00025350000000000004,0
1588,486.51,0.000302,0.000302,0
1589,486.56,0.0003523,0.0003523,0
1590,486.61,0.00040229999999999997,0.00040229999999999997,0
1591,486.66,0.0004499,0.0004499,0
1592,486.71,0.0004926,0.0004926,0
1593,486.76,0.0005281000000000001,0.0005281000000000001,0
1594,486.81,0.0005543999999999999,0.0005543999999999999,0
1595,486.86,0.0005698,0.0005698,0
1596,486.91,0.0005734,0.0005734,0
1597,486.96,0.0005650000000000001,0.0005650000000000001,0
1598,487.01,0.0005451000000000001,0.0005451000000000001,0
1599,487.06,0.0005149,0.0005149,0
1600,487.11,0.0004763,0.0004763,0
1601,487.16,0.00043129999999999997,0.00043129999999999997,0
1602,487.21,0.00038250000000000003,0.00038250000000000003,0
1603,487.26,0.0003321,0.0003321,0
1604,487.31,0.0002823,0.0002823,0
1605,487.36,0.00023500000000000002,0.00023500000000000002,0
1606,487.41,0.0001915,0.0001915,0
1607,487.46,0.0001528,0.0001528,0
1608,487.51,0.00011939999999999999,0.00011939999999999999,0
1609,487.56,9.134e-05,9.134e-05,0
1610,487.61,6.842e-05,6.842e-05,0
1611,487.66,5.018e-05,5.018e-05,0
1612,487.71,3.603e-05,3.603e-05,0
1613,487.76,2.534e-05,2.534e-05,0
1614,487.81,1.744e-05,1.744e-05,0
1615,487.86,1.176e-05,1.176e-05,0
1616,487.91,7.761e-06,7.761e-06,0
1617,487.96,5.015e-06,5.015e-06,0
1618,488.01,3.173e-06,3.173e-06,0
1619,488.06,1.966e-06,1.966e-06,0
1620,488.11,1.193e-06,1.193e-06,0
1621,488.16,7.084000000000001e-07,7.084000000000001e-07,0
1622,488.21,4.1200000000000004e-07,4.1200000000000004e-07,0
1623,488.26,2.346e-07,2.346e-07,0
1624,488.31,1.308e-07,1.308e-07,0
1625,488.36,7.139999999999999e-08,7.139999999999999e-08,0
1626,488.41,3.817e-08,3.817e-08,0
1627,488.46,1.997e-08,1.997e-08,0
1628,488.51,1.0240000000000001e-08,1.0240000000000001e-08,0
1629,488.56,5.136e-09,5.136e-09,0
1630,488.61,2.523e-09,2.523e-09,0
1631,488.66,1.214e-09,1.214e-09,0
1632,488.71,5.722e-10,5.722e-10,0
1633,488.76,2.648e-10,2.648e-10,0
1634,488.81,1.214e-10,1.214e-10,0
1635,488.86,5.722e-11,5.722e-11,0
1636,488.91,3.164e-11,3.164e-11,0
1637,488.96,2.636e-11,2.636e-11,0
1638,489.01,3.4840000000000006e-11,3.4840000000000006e-11,0
1639,489.06,5.739e-11,5.739e-11,0
1640,489.11,9.941e-11,9.941e-11,0
1641,489.16,1.7159999999999998e-10,1.7159999999999998e-10,0
1642,489.21,2.912e-10,2.912e-10,0
1643,489.26,4.844e-10,4.844e-10,0
1644,489.31,7.894e-10,7.894e-10,0
1645,489.36,1.26e-09,1.26e-09,0
1646,489.41,1.97e-09,1.97e-09,0
1647,489.46,3.0170000000000002e-09,3.0170000000000002e-09,0
1648,489.51,4.525e-09,4.525e-09,0
1649,489.56,6.647e-09,6.647e-09,0
1650,489.61,9.563000000000001e-09,9.563000000000001e-09,0
1651,489.66,1.347e-08,1.347e-08,0
1652,489.71,1.86e-08,1.86e-08,0
1653,489.76,2.5140000000000002e-08,2.5140000000000002e-08,0
1654,489.81,3.3280000000000004e-08,3.3280000000000004e-08,0
1655,489.86,4.316e-08,4.316e-08,0
1656,489.91,5.481e-08,5.481e-08,0
1657,489.96,6.817999999999999e-08,6.817999999999999e-08,0
1658,490.01,8.306e-08,8.306e-08,0
1659,490.06,9.912e-08,9.912e-08,0
1660,490.11,1.158e-07,1.158e-07,0
1661,490.16,1.326e-07,1.326e-07,0
1662,490.21,1.487e-07,1.487e-07,0
1663,490.26,1.632e-07,1.632e-07,0
1664,490.31,1.755e-07,1.755e-07,0
1665,490.36,1.849e-07,1.849e-07,0
1666,490.41,1.908e-07,1.908e-07,0
1667,490.46,1.928e-07,1.928e-07,0
1668,490.51,1.908e-07,1.908e-07,0
1669,490.56,1.849e-07,1.849e-07,0
1670,490.61,1.755e-07,1.755e-07,0
1671,490.66,1.632e-07,1.632e-07,0
1672,490.71,1.487e-07,1.487e-07,0
1673,490.76,1.326e-07,1.326e-07,0
1674,490.81,1.158e-07,1.158e-07,0
1675,490.86,9.912e-08,9.912e-08,0
1676,490.91,8.306e-08,8.306e-08,0
1677,490.96,6.817999999999999e-08,6.817999999999999e-08,0
1678,491.01,5.481e-08,5.481e-08,0
1679,491.06,4.316e-08,4.316e-08,0
1680,491.11,3.3280000000000004e-08,3.3280000000000004e-08,0
1681,491.16,2.5140000000000002e-08,2.5140000000000002e-08,0
1682,491.21,1.86e-08,1.86e-08,0
1683,491.26,1.347e-08,1.347e-08,0
1684,491.31,9.563000000000001e-09,9.563000000000001e-09,0
1685,491.36,6.647e-09,6.647e-09,0
1686,491.41,4.525e-09,4.525e-09,0
1687,491.46,3.0170000000000002e-09,3.0170000000000002e-09,0
1688,491.51,1.97e-09,1.97e-09,0
1689,491.56,1.26e-09,1.26e-09,0
1690,491.61,7.894e-10,7.894e-10,0
1691,491.66,4.844e-10,4.844e-10,0
1692,491.71,2.9110000000000006e-10,2.9110000000000006e-10,0
1693,491.76,1.7130000000000002e-10,1.7130000000000002e-10,0
1694,491.81,9.876000000000002e-11,9.876000000000002e-11,0
1695,491.86,5.576e-11,5.576e-11,0
1696,491.91,3.084e-11,3.084e-11,0
1697,491.96,1.6699999999999998e-11,1.6699999999999998e-11,0
1698,492.01,8.859999999999999e-12,8.859999999999999e-12,0
1699,492.06,4.603e-12,4.603e-12,0
1700,492.11,2.343e-12,2.343e-12,0
1701,492.16,1.1679999999999999e-12,1.1679999999999999e-12,0
1702,492.21,5.7e-13,5.7e-13,0
1703,492.26,2.725e-13,2.725e-13,0
1704,492.31,1.276e-13,1.276e-13,0
1705,492.36,5.852999999999999e-14,5.852999999999999e-14,0
1706,492.41,2.6289999999999998e-14,2.6289999999999998e-14,0
1707,492.46,1.157e-14,1.157e-14,0
1708,492.51,4.985e-15,4.985e-15,0
1709,492.56,2.104e-15,2.104e-15,0
1710,492.61,8.696e-16,8.696e-16,0
1711,492.66,3.5210000000000004e-16,3.5210000000000004e-16,0
1712,492.71,1.396e-16,1.396e-16,0
1713,492.76,5.423e-17,5.423e-17,0
1714,492.81,2.0630000000000002e-17,2.0630000000000002e-17,0
1715,492.86,7.685e-18,7.685e-18,0
1716,492.91,2.804e-18,2.804e-18,0
1717,492.96,1.0020000000000001e-18,1.0020000000000001e-18,0
1718,493.01,3.508e-19,3.508e-19,0
1719,493.06,1.203e-19,1.203e-19,0
1720,493.11,4.0389999999999994e-20,4.0389999999999994e-20,0
1721,493.16,1.3280000000000001e-20,1.3280000000000001e-20,0
1722,493.21,4.279e-21,4.279e-21,0
1723,493.26,1.3499999999999999e-21,1.3499999999999999e-21,0
1724,493.31,4.171e-22,4.171e-22,0
1725,493.36,1.262e-22,1.262e-22,0
1726,493.41,3.742e-23,3.742e-23,0
1727,568.68,9.979000000000001e-31,0,9.979000000000001e-31
1728,568.73,3.209e-30,0,3.209e-30
1729,568.78,8.981e-30,0,8.981e-30
1730,568.83,2.4749999999999998e-29,0,2.4749999999999998e-29
1731,568.88,6.719e-29,0,6.719e-29
1732,568.93,1.796e-28,0,1.796e-28
1733,568.98,4.729e-28,0,4.729e-28
1734,569.03,1.2259999999999998e-27,0,1.2259999999999998e-27
1735,569.08,3.131e-27,0,3.131e-27
1736,569.13,7.875e-27,0,7.875e-27
1737,569.18,1.95e-26,0,1.95e-26
1738,569.23,4.7580000000000005e-26,0,4.7580000000000005e-26
1739,569.28,1.143e-25,0,1.143e-25
1740,569.33,2.7039999999999997e-25,0,2.7039999999999997e-25
1741,569.38,6.301e-25,0,6.301e-25
1742,569.43,1.446e-24,0,1.446e-24
1743,569.48,3.2680000000000007e-24,0,3.2680000000000007e-24
1744,569.53,7.274e-24,0,7.274e-24
1745,569.58,1.594e-23,0,1.594e-23
1746,569.63,3.442e-23,0,3.442e-23
1747,569.68,7.318e-23,0,7.318e-23
1748,569.73,1.5319999999999999e-22,0,1.5319999999999999e-22
1749,569.78,3.1599999999999997e-22,0,3.1599999999999997e-22
1750,569.83,6.417999999999999e-22,0,6.417999999999999e-22
1751,569.88,1.284e-21,0,1.284e-21
1752,569.93,2.5290000000000002e-21,0,2.5290000000000002e-21
1753,569.98,4.906e-21,0,4.906e-21
1754,570.03,9.375e-21,0,9.375e-21
1755,570.08,1.764e-20,0,1.764e-20
1756,570.13,3.269e-20,0,3.269e-20
1757,570.18,5.967e-20,0,5.967e-20
1758,570.23,1.073e-19,0,1.073e-19
1759,570.28,1.899e-19,0,1.899e-19
1760,570.33,3.31e-19,0,3.31e-19
1761,570.38,5.684000000000001e-19,0,5.684000000000001e-19
1762,570.43,9.612000000000001e-19,0,9.612000000000001e-19
1763,570.48,1.601e-18,0,1.601e-18
1764,570.53,2.626e-18,0,2.626e-18
1765,570.58,4.241e-18,0,4.241e-18
1766,570.63,6.747e-18,0,6.747e-18
1767,570.68,1.057e-17,0,1.057e-17
1768,570.73,1.631e-17,0,1.631e-17
1769,570.78,2.479e-17,0,2.479e-17
1770,570.83,3.71e-17,0,3.71e-17
1771,570.88,5.4679999999999996e-17,0,5.4679999999999996e-17
1772,570.93,7.938e-17,0,7.938e-17
1773,570.98,1.135e-16,0,1.135e-16
1774,571.03,1.598e-16,0,1.598e-16
1775,571.08,2.2159999999999997e-16,0,2.2159999999999997e-16
1776,571.13,3.0260000000000003e-16,0,3.0260000000000003e-16
1777,571.19,4.311e-16,0,4.311e-16
1778,571.24,5.693e-16,0,5.693e-16
1779,571.29,7.404e-16,0,7.404e-16
1780,571.34,9.482999999999998e-16,0,9.482999999999998e-16
1781,571.39,1.1960000000000001e-15,0,1.1960000000000001e-15
1782,571.44,1.4859999999999999e-15,0,1.4859999999999999e-15
1783,571.49,1.819e-15,0,1.819e-15
1784,571.54,2.192e-15,0,2.192e-15
1785,571.59,2.6010000000000003e-15,0,2.6010000000000003e-15
1786,571.64,3.041e-15,0,3.041e-15
1787,571.69,3.5e-15,0,3.5e-15
1788,571.74,3.969e-15,0,3.969e-15
1789,571.79,4.433e-15,0,4.433e-15
1790,571.84,4.877e-15,0,4.877e-15
1791,571.89,5.2850000000000005e-15,0,5.2850000000000005e-15
1792,571.94,5.6429999999999996e-15,0,5.6429999999999996e-15
1793,571.99,5.9350000000000004e-15,0,5.9350000000000004e-15
1794,572.04,6.153e-15,0,6.153e-15
1795,572.09,6.287e-15,0,6.287e-15
1796,572.14,6.335e-15,0,6.335e-15
1797,572.19,6.299e-15,0,6.299e-15
1798,572.24,6.183e-15,0,6.183e-15
1799,572.29,5.999e-15,0,5.999e-15
1800,572.34,5.761e-15,0,5.761e-15
1801,572.39,5.4869999999999994e-15,0,5.4869999999999994e-15
1802,572.44,5.196e-15,0,5.196e-15
1803,572.49,4.9060000000000004e-15,0,4.9060000000000004e-15
1804,572.54,4.639e-15,0,4.639e-15
1805,572.59,4.4090000000000004e-15,0,4.4090000000000004e-15
1806,572.64,4.232e-15,0,4.232e-15
1807,572.69,4.1170000000000004e-15,0,4.1170000000000004e-15
1808,572.74,4.07e-15,0,4.07e-15
1809,572.79,4.091e-15,0,4.091e-15
1810,572.84,4.176e-15,0,4.176e-15
1811,572.89,4.316e-15,0,4.316e-15
1812,572.94,4.499e-15,0,4.499e-15
1813,572.99,4.708e-15,0,4.708e-15
1814,573.04,4.9270000000000006e-15,0,4.9270000000000006e-15
1815,573.09,5.138e-15,0,5.138e-15
1816,573.14,5.322e-15,0,5.322e-15
1817,573.19,5.4640000000000004e-15,0,5.4640000000000004e-15
1818,573.24,5.549e-15,0,5.549e-15
1819,573.29,5.57e-15,0,5.57e-15
1820,573.34,5.518e-15,0,5.518e-15
1821,573.39,5.394e-15,0,5.394e-15
1822,573.44,5.198e-15,0,5.198e-15
1823,573.49,4.939e-15,0,4.939e-15
1824,573.54,4.624e-15,0,4.624e-15
1825,573.59,4.265e-15,0,4.265e-15
1826,573.64,3.876e-15,0,3.876e-15
1827,573.69,3.4700000000000004e-15,0,3.4700000000000004e-15
1828,573.74,3.06e-15,0,3.06e-15
1829,573.79,2.658e-15,0,2.658e-15
1830,573.84,2.275e-15,0,2.275e-15
1831,573.89,1.917e-15,0,1.917e-15
1832,573.94,1.591e-15,0,1.591e-15
1833,573.99,1.301e-15,0,1.301e-15
1834,574.04,1.048e-15,0,1.048e-15
1835,574.09,8.310000000000001e-16,0,8.310000000000001e-16
1836,574.14,6.492000000000001e-16,0,6.492000000000001e-16
1837,574.19,4.995e-16,0,4.995e-16
1838,574.24,3.7850000000000004e-16,0,3.7850000000000004e-16
1839,574.29,2.825e-16,0,2.825e-16
1840,574.34,2.077e-16,0,2.077e-16
1841,574.39,1.504e-16,0,1.504e-16
1842,574.44,1.073e-16,0,1.073e-16
1843,574.49,7.534e-17,0,7.534e-17
1844,574.54,5.212e-17,0,5.212e-17
1845,574.59,3.551e-17,0,3.551e-17
1846,574.64,2.383e-17,0,2.383e-17
1847,574.69,1.575e-17,0,1.575e-17
1848,574.74,1.026e-17,0,1.026e-17
1849,574.79,6.5759999999999995e-18,0,6.5759999999999995e-18
1850,574.84,4.153e-18,0,4.153e-18
1851,574.89,2.583e-18,0,2.583e-18
1852,574.94,1.583e-18,0,1.583e-18
1853,574.99,9.55e-19,0,9.55e-19
1854,575.04,5.676e-19,0,5.676e-19
1855,575.09,3.322e-19,0,3.322e-19
1856,575.14,1.9149999999999998e-19,0,1.9149999999999998e-19
1857,575.19,1.088e-19,0,1.088e-19
1858,575.24,6.082999999999999e-20,0,6.082999999999999e-20
1859,575.29,3.3510000000000004e-20,0,3.3510000000000004e-20
1860,575.34,1.818e-20,0,1.818e-20
1861,575.39,9.713e-21,0,9.713e-21
1862,575.44,5.112e-21,0,5.112e-21
1863,575.49,2.65e-21,0,2.65e-21
1864,575.54,1.3529999999999999e-21,0,1.3529999999999999e-21
1865,575.59,6.803e-22,0,6.803e-22
1866,575.64,3.3689999999999998e-22,0,3.3689999999999998e-22
1867,575.69,1.6440000000000001e-22,0,1.6440000000000001e-22
1868,575.74,7.897e-23,0,7.897e-23
1869,575.79,3.737e-23,0,3.737e-23
1870,575.84,1.742e-23,0,1.742e-23
1871,575.89,7.995e-24,0,7.995e-24
1872,575.94,3.6150000000000006e-24,0,3.6150000000000006e-24
1873,575.99,1.6100000000000002e-24,0,1.6100000000000002e-24
1874,576.04,7.06e-25,0,7.06e-25
1875,576.09,3.05e-25,0,3.05e-25
1876,576.14,1.298e-25,0,1.298e-25
1877,576.19,5.438e-26,0,5.438e-26
1878,576.24,2.244e-26,0,2.244e-26
1879,576.29,9.123e-27,0,9.123e-27
1880,576.34,3.653e-27,0,3.653e-27
1881,576.39,1.4400000000000001e-27,0,1.4400000000000001e-27
1882,576.44,5.595e-28,0,5.595e-28
1883,576.49,2.1400000000000003e-28,0,2.1400000000000003e-28
1884,576.54,8.063999999999999e-29,0,8.063999999999999e-29
1885,576.59,2.993e-29,0,2.993e-29
1886,576.64,1.0939999999999999e-29,0,1.0939999999999999e-29
1887,576.69,3.938e-30,0,3.938e-30
1888,576.74,1.3959999999999998e-30,0,1.3959999999999998e-30
